cut,n_below,n_above,tau_below,tau_above,tau_gap,ilearn_prof_below,ilearn_prof_above,ilearn_pctile_below,ilearn_pctile_above,YEAR,GRADE,YEAR_STRATUM
2,226,2216,0.1715,0.5438,0.3723,0,0.0736,9.1281,54.7073,2018,7,istep_contrast
2.1,254,2188,0.175,0.5393,0.3644,0,0.0745,9.7319,54.7073,2018,7,istep_contrast
2.2,285,2157,0.1735,0.5348,0.3613,0,0.0756,10.2947,55.526,2018,7,istep_contrast
2.3,314,2128,0.1992,0.5312,0.332,0,0.0766,11.5023,56.14,2018,7,istep_contrast
2.4,375,2067,0.1993,0.5209,0.3216,0,0.0789,12.7302,57.675,2018,7,istep_contrast
2.5,419,2023,0.2021,0.5127,0.3106,0,0.0806,13.6717,58.4732,2018,7,istep_contrast
2.6,465,1977,0.2422,0.5051,0.2628,0,0.0824,14.5722,59.2919,2018,7,istep_contrast
2.7,524,1918,0.2649,0.4961,0.2311,0,0.085,15.8412,60.0082,2018,7,istep_contrast
2.8,589,1853,0.2697,0.4851,0.2155,0.0017,0.0874,16.6598,61.5023,2018,7,istep_contrast
2.9,645,1797,0.2776,0.476,0.1984,0.0016,0.0902,17.7036,62.3209,2018,7,istep_contrast
3,705,1737,0.307,0.4698,0.1628,0.0014,0.0933,18.6246,63.7126,2018,7,istep_contrast
3.1,814,1628,0.3352,0.4645,0.1293,0.0037,0.0983,20.7736,65.7593,2018,7,istep_contrast
3.2,907,1535,0.3617,0.4607,0.099,0.0033,0.1042,22.2268,67.3352,2018,7,istep_contrast
3.3,992,1450,0.365,0.4511,0.0861,0.004,0.1097,23.5571,68.2358,2018,7,istep_contrast
3.4,1180,1262,0.375,0.4314,0.0564,0.0051,0.1244,26.3406,71.5718,2018,7,istep_contrast
3.5,1180,1262,0.375,0.4314,0.0564,0.0051,0.1244,26.3406,71.5718,2018,7,istep_contrast
3.6,1300,1142,0.3961,0.4202,0.0242,0.0054,0.1366,28.7352,73.7413,2018,7,istep_contrast
3.7,1409,1033,0.4109,0.4087,-0.0022,0.0057,0.15,30.9865,75.9926,2018,7,istep_contrast
3.8,1543,899,0.4314,0.4084,-0.023,0.0058,0.1713,32.8694,78.1007,2018,7,istep_contrast
3.9,1796,646,0.463,0.4063,-0.0567,0.0095,0.226,37.8633,82.2964,2018,7,istep_contrast
4,1796,646,0.463,0.4063,-0.0567,0.0095,0.226,37.8633,82.2964,2018,7,istep_contrast
4.1,1899,543,0.4709,0.3583,-0.1126,0.0105,0.2634,39.4187,85.2231,2018,7,istep_contrast
4.2,1986,456,0.4841,0.3148,-0.1693,0.0121,0.3048,40.79,87.454,2018,7,istep_contrast
4.3,2147,295,0.5178,0.3214,-0.1964,0.0238,0.3797,44.0033,90.9537,2018,7,istep_contrast
4.4,2147,295,0.5178,0.3214,-0.1964,0.0238,0.3797,44.0033,90.9537,2018,7,istep_contrast
4.5,2214,228,0.5306,0.3448,-0.1858,0.0298,0.4254,45.4973,91.8952,2018,7,istep_contrast
4.6,2269,173,0.5409,0.3337,-0.2072,0.0344,0.4913,46.2546,92.8776,2018,7,istep_contrast
4.7,2308,134,0.5476,0.309,-0.2386,0.039,0.5448,46.9914,95.4359,2018,7,istep_contrast
4.8,2362,80,0.5586,0.331,-0.2276,0.0466,0.6625,48.2808,96.5002,2018,7,istep_contrast
4.9,2362,80,0.5586,0.331,-0.2276,0.0466,0.6625,48.2808,96.5002,2018,7,istep_contrast
5,2381,61,0.5636,0.2619,-0.3017,0.0491,0.7541,48.9971,97.0733,2018,7,istep_contrast
5.1,2396,46,0.5674,,,0.0526,,48.9971,,2018,7,istep_contrast
5.2,2403,39,0.5698,,,0.0549,,48.9971,,2018,7,istep_contrast
5.3,2413,29,0.5722,,,0.0568,,48.9971,,2018,7,istep_contrast
5.4,2413,29,0.5722,,,0.0568,,48.9971,,2018,7,istep_contrast
5.5,2424,18,0.5755,,,0.0602,,49.8158,,2018,7,istep_contrast
2,333,2355,0.1347,0.4883,0.3536,0,0.0904,11.3053,56.3221,2019,8,ilearn_2019
2.1,368,2320,0.1376,0.481,0.3435,0,0.0918,11.6028,56.3221,2019,8,ilearn_2019
2.2,390,2298,0.1696,0.4788,0.3092,0,0.0927,12.3931,57.0286,2019,8,ilearn_2019
2.3,414,2274,0.1887,0.4754,0.2868,0,0.0937,12.765,57.5493,2019,8,ilearn_2019
2.4,469,2219,0.2031,0.4661,0.263,0,0.096,13.6482,58.4604,2019,8,ilearn_2019
2.5,510,2178,0.1992,0.4577,0.2584,0,0.0978,14.0387,59.3529,2019,8,ilearn_2019
2.6,552,2136,0.2293,0.4532,0.2238,0,0.0997,14.8196,60.0409,2019,8,ilearn_2019
2.7,619,2069,0.2658,0.446,0.1802,0,0.1029,15.6936,60.7289,2019,8,ilearn_2019
2.8,673,2015,0.2877,0.4419,0.1542,0,0.1057,17.7947,61.8074,2019,8,ilearn_2019
2.9,740,1948,0.2808,0.429,0.1482,0,0.1093,18.6129,62.672,2019,8,ilearn_2019
3,802,1886,0.29,0.4171,0.1271,0,0.1129,19.5984,63.797,2019,8,ilearn_2019
3.1,899,1789,0.3212,0.4081,0.0869,0,0.1191,21.3276,65.3775,2019,8,ilearn_2019
3.2,980,1708,0.3238,0.3931,0.0693,0,0.1247,22.5177,66.9208,2019,8,ilearn_2019
3.3,1058,1630,0.3335,0.3808,0.0473,9e-04,0.1301,23.2057,67.9249,2019,8,ilearn_2019
3.4,1206,1482,0.3423,0.347,0.0047,0.0025,0.1417,25.3254,70.6396,2019,8,ilearn_2019
3.5,1206,1482,0.3423,0.347,0.0047,0.0025,0.1417,25.3254,70.6396,2019,8,ilearn_2019
3.6,1300,1388,0.3711,0.3451,-0.026,0.0023,0.1513,27.4266,71.6437,2019,8,ilearn_2019
3.7,1415,1273,0.3985,0.3437,-0.0548,0.0049,0.1618,29.4161,73.0383,2019,8,ilearn_2019
3.8,1561,1127,0.4213,0.3484,-0.0729,0.0077,0.1783,31.852,74.6374,2019,8,ilearn_2019
3.9,1817,871,0.4342,0.3209,-0.1133,0.0116,0.2204,35.4035,79.1,2019,8,ilearn_2019
4,1817,871,0.4342,0.3209,-0.1133,0.0116,0.2204,35.4035,79.1,2019,8,ilearn_2019
4.1,1959,729,0.4511,0.3159,-0.1352,0.0148,0.2524,38.3414,80.8665,2019,8,ilearn_2019
4.2,2051,637,0.4603,0.3131,-0.1472,0.0161,0.2826,39.5314,82.4842,2019,8,ilearn_2019
4.3,2243,445,0.4769,0.2727,-0.2042,0.0254,0.3506,42.711,86.5377,2019,8,ilearn_2019
4.4,2243,445,0.4769,0.2727,-0.2042,0.0254,0.3506,42.711,86.5377,2019,8,ilearn_2019
4.5,2311,377,0.4846,0.2605,-0.2241,0.0307,0.3767,43.399,87.9509,2019,8,ilearn_2019
4.6,2391,297,0.4935,0.2456,-0.248,0.0372,0.4175,44.7564,88.7691,2019,8,ilearn_2019
4.7,2462,226,0.5046,0.2249,-0.2796,0.0431,0.4735,45.9464,91.3909,2019,8,ilearn_2019
4.8,2559,129,0.5213,0.2532,-0.2681,0.0555,0.5504,47.8431,93.0086,2019,8,ilearn_2019
4.9,2559,129,0.5213,0.2532,-0.2681,0.0555,0.5504,47.8431,93.0086,2019,8,ilearn_2019
5,2587,101,0.5263,0.2445,-0.2818,0.0595,0.5842,47.8431,94.5705,2019,8,ilearn_2019
5.1,2612,76,0.5301,0.1687,-0.3614,0.0624,0.6579,48.5125,95.4816,2019,8,ilearn_2019
5.2,2634,54,0.536,0.2933,-0.2427,0.0683,0.6111,49.1447,95.4816,2019,8,ilearn_2019
5.3,2661,27,0.5416,,,0.0733,,49.8141,,2019,8,ilearn_2019
5.4,2661,27,0.5416,,,0.0733,,49.8141,,2019,8,ilearn_2019
5.5,2668,20,0.542,,,0.0735,,49.8141,,2019,8,ilearn_2019
2,144,2293,0.1378,0.4585,0.3207,0,0.0445,8.265,52.5636,2017,8,istep_contrast
2.1,183,2254,0.1127,0.4492,0.3365,0,0.0453,8.5316,53.4044,2017,8,istep_contrast
2.2,206,2231,0.0993,0.4424,0.3431,0,0.0457,8.6444,53.4044,2017,8,istep_contrast
2.3,231,2206,0.1161,0.4342,0.3181,0,0.0462,9.1058,54.676,2017,8,istep_contrast
2.4,266,2171,0.2027,0.4308,0.2281,0,0.047,10.3568,54.676,2017,8,istep_contrast
2.5,296,2141,0.2289,0.4294,0.2005,0.0034,0.0472,11.1874,55.3322,2017,8,istep_contrast
2.6,333,2104,0.2438,0.4242,0.1804,0.006,0.0475,12.5513,56.1321,2017,8,istep_contrast
2.7,394,2043,0.2467,0.4123,0.1656,0.0051,0.0489,13.0025,56.9319,2017,8,istep_contrast
2.8,438,1999,0.2749,0.4068,0.1319,0.0046,0.05,14.7252,58.2034,2017,8,istep_contrast
2.9,500,1937,0.2886,0.3998,0.1112,0.004,0.0516,16.0172,58.8802,2017,8,istep_contrast
3,562,1875,0.285,0.388,0.1031,0.0053,0.0528,16.9811,59.7211,2017,8,istep_contrast
3.1,658,1779,0.2824,0.3726,0.0902,0.0046,0.0556,18.8679,61.3618,2017,8,istep_contrast
3.2,733,1704,0.2935,0.3618,0.0682,0.0041,0.0581,21.0213,62.3052,2017,8,istep_contrast
3.3,791,1646,0.2949,0.3509,0.056,0.0051,0.0595,21.9032,63.3716,2017,8,istep_contrast
3.4,955,1482,0.3153,0.3267,0.0114,0.0063,0.0648,24.6103,66.2633,2017,8,istep_contrast
3.5,955,1482,0.3153,0.3267,0.0114,0.0063,0.0648,24.6103,66.2633,2017,8,istep_contrast
3.6,1069,1368,0.3236,0.3071,-0.0165,0.0056,0.0702,26.3126,67.6579,2017,8,istep_contrast
3.7,1181,1256,0.3471,0.2924,-0.0547,0.0051,0.0764,28.3019,69.2576,2017,8,istep_contrast
3.8,1302,1135,0.3588,0.2722,-0.0866,0.0069,0.0819,30.2092,71.6981,2017,8,istep_contrast
3.9,1575,862,0.3871,0.2449,-0.1423,0.0102,0.0998,34.7621,75.6768,2017,8,istep_contrast
4,1575,862,0.3871,0.2449,-0.1423,0.0102,0.0998,34.7621,75.6768,2017,8,istep_contrast
4.1,1722,715,0.405,0.2419,-0.1632,0.0116,0.1147,37.3667,77.2149,2017,8,istep_contrast
4.2,1821,616,0.4136,0.2353,-0.1782,0.0137,0.125,38.9869,78.0455,2017,8,istep_contrast
4.3,2057,380,0.44,0.2126,-0.2274,0.016,0.1816,43.5398,82.5062,2017,8,istep_contrast
4.4,2057,380,0.44,0.2126,-0.2274,0.016,0.1816,43.5398,82.5062,2017,8,istep_contrast
4.5,2134,303,0.4503,0.2423,-0.208,0.0173,0.2145,44.3396,83.7982,2017,8,istep_contrast
4.6,2214,223,0.4567,0.2347,-0.222,0.0194,0.2646,45.8778,87.0591,2017,8,istep_contrast
4.7,2265,172,0.4631,0.2624,-0.2007,0.0225,0.2965,46.8622,88.023,2017,8,istep_contrast
4.8,2356,81,0.4748,0.3062,-0.1686,0.0289,0.4198,48.3798,94.2371,2017,8,istep_contrast
4.9,2356,81,0.4748,0.3062,-0.1686,0.0289,0.4198,48.3798,94.2371,2017,8,istep_contrast
5,2386,51,0.479,0.2212,-0.2578,0.0306,0.5686,49.3027,96.493,2017,8,istep_contrast
5.1,2403,34,0.4842,,,0.0341,,49.3027,,2017,8,istep_contrast
5.2,2413,24,0.4859,,,0.0365,,49.3027,,2017,8,istep_contrast
5.3,2422,15,0.4883,,,0.038,,49.3027,,2017,8,istep_contrast
5.4,2422,15,0.4883,,,0.038,,49.3027,,2017,8,istep_contrast
5.5,2424,13,0.4887,,,0.038,,49.3027,,2017,8,istep_contrast
2,221,2641,0.145,0.5007,0.3557,0,0.0735,8.6273,53.7024,2018,8,istep_contrast
2.1,259,2603,0.1627,0.4946,0.3319,0,0.0745,9.2211,54.3311,2018,8,istep_contrast
2.2,283,2579,0.144,0.4893,0.3453,0,0.0752,9.6228,55.0122,2018,8,istep_contrast
2.3,313,2549,0.1786,0.4862,0.3076,0,0.0761,9.9721,55.0122,2018,8,istep_contrast
2.4,349,2513,0.1916,0.4818,0.2902,0.0029,0.0768,10.6008,55.8854,2018,8,istep_contrast
2.5,381,2481,0.1865,0.4752,0.2888,0.0026,0.0778,11.0723,55.8854,2018,8,istep_contrast
2.6,422,2440,0.1907,0.4685,0.2778,0.0024,0.0791,11.4652,56.7586,2018,8,istep_contrast
2.7,496,2366,0.2372,0.4572,0.22,0.002,0.0816,13.0894,58.2606,2018,8,istep_contrast
2.8,541,2321,0.253,0.4519,0.1989,0.0018,0.0832,13.7618,58.9067,2018,8,istep_contrast
2.9,587,2275,0.2699,0.4464,0.1765,0.0017,0.0848,14.7922,59.8323,2018,8,istep_contrast
3,651,2211,0.2711,0.4337,0.1626,0.0015,0.0873,15.9623,60.7579,2018,8,istep_contrast
3.1,756,2106,0.2974,0.4195,0.1221,0.0013,0.0916,17.3594,62.2075,2018,8,istep_contrast
3.2,857,2005,0.3055,0.4053,0.0999,0.0012,0.0963,19.3503,63.5871,2018,8,istep_contrast
3.3,934,1928,0.3225,0.399,0.0765,0.0021,0.0996,20.9046,64.4254,2018,8,istep_contrast
3.4,1144,1718,0.3577,0.3812,0.0236,0.0026,0.1112,24.153,67.1673,2018,8,istep_contrast
3.5,1144,1718,0.3577,0.3812,0.0236,0.0026,0.1112,24.153,67.1673,2018,8,istep_contrast
3.6,1256,1606,0.3632,0.3647,0.0015,0.0032,0.1183,25.5851,69.0709,2018,8,istep_contrast
3.7,1395,1467,0.3769,0.3527,-0.0242,0.0043,0.1282,27.5061,71.0793,2018,8,istep_contrast
3.8,1542,1320,0.3873,0.3323,-0.055,0.0045,0.1417,29.6018,73.2972,2018,8,istep_contrast
3.9,1885,977,0.4144,0.288,-0.1263,0.0101,0.1791,34.4394,78.8683,2018,8,istep_contrast
4,1885,977,0.4144,0.288,-0.1263,0.0101,0.1791,34.4394,78.8683,2018,8,istep_contrast
4.1,2047,815,0.4357,0.282,-0.1537,0.0147,0.2012,36.5526,80.7719,2018,8,istep_contrast
4.2,2161,701,0.4466,0.2534,-0.1933,0.0148,0.2311,38.9452,82.7454,2018,8,istep_contrast
4.3,2402,460,0.4776,0.2717,-0.2059,0.0266,0.2826,42.4031,85.3475,2018,8,istep_contrast
4.4,2402,460,0.4776,0.2717,-0.2059,0.0266,0.2826,42.4031,85.3475,2018,8,istep_contrast
4.5,2500,362,0.4889,0.299,-0.1899,0.032,0.3149,44.2019,86.7272,2018,8,istep_contrast
4.6,2595,267,0.4948,0.2324,-0.2624,0.0347,0.3895,45.634,89.9581,2018,8,istep_contrast
4.7,2658,204,0.503,0.2309,-0.2721,0.0395,0.4363,46.2976,91.8268,2018,8,istep_contrast
4.8,2748,114,0.5166,0.2519,-0.2647,0.0484,0.5351,48.3584,94.3591,2018,8,istep_contrast
4.9,2748,114,0.5166,0.2519,-0.2647,0.0484,0.5351,48.3584,94.3591,2018,8,istep_contrast
5,2780,82,0.5224,0.2907,-0.2317,0.0525,0.5854,48.3584,94.656,2018,8,istep_contrast
5.1,2800,62,0.5263,0.2655,-0.2608,0.0554,0.629,49.1966,95.8697,2018,8,istep_contrast
5.2,2817,45,0.5298,,,0.0572,,49.1966,,2018,8,istep_contrast
5.3,2835,27,0.5332,,,0.0614,,49.1966,,2018,8,istep_contrast
5.4,2835,27,0.5332,,,0.0614,,49.1966,,2018,8,istep_contrast
5.5,2841,21,0.5348,,,0.0627,,49.1966,,2018,8,istep_contrast
2,157,2319,0.2353,0.4638,0.2285,0,0.0548,6.9035,53.5123,2017,7,istep_contrast
2.1,185,2291,0.2805,0.4569,0.1765,0,0.0554,7.9128,53.5123,2017,7,istep_contrast
2.2,210,2266,0.2467,0.4502,0.2035,0,0.056,7.7513,54.6023,2017,7,istep_contrast
2.3,245,2231,0.3024,0.444,0.1417,0,0.0569,8.7606,54.6023,2017,7,istep_contrast
2.4,295,2181,0.3046,0.4334,0.1288,0,0.0582,10.9407,55.7126,2017,7,istep_contrast
2.5,336,2140,0.324,0.427,0.103,0,0.0593,11.849,56.8228,2017,7,istep_contrast
2.6,366,2110,0.3088,0.4186,0.1098,0,0.0602,12.3537,56.8228,2017,7,istep_contrast
2.7,435,2041,0.3018,0.4041,0.1023,0,0.0622,13.3428,57.7917,2017,7,istep_contrast
2.8,486,1990,0.2899,0.3918,0.1019,0,0.0638,13.7263,58.7404,2017,7,istep_contrast
2.9,555,1921,0.3211,0.3863,0.0651,0,0.0661,15.1393,59.7295,2017,7,istep_contrast
3,601,1875,0.3317,0.3767,0.045,0,0.0677,16.2091,60.7792,2017,7,istep_contrast
3.1,682,1794,0.3329,0.3582,0.0253,0,0.0708,17.9451,62.5151,2017,7,istep_contrast
3.2,754,1722,0.3493,0.3489,-4e-04,0,0.0738,19.8022,63.4033,2017,7,istep_contrast
3.3,821,1655,0.3575,0.3414,-0.0161,0.0012,0.0761,21.1748,64.2713,2017,7,istep_contrast
3.4,1006,1470,0.3971,0.3316,-0.0655,0.002,0.085,25.2725,66.3101,2017,7,istep_contrast
3.5,1006,1470,0.3971,0.3316,-0.0655,0.002,0.085,25.2725,66.3101,2017,7,istep_contrast
3.6,1122,1354,0.4002,0.3207,-0.0794,0.0027,0.0916,27.2709,68.8938,2017,7,istep_contrast
3.7,1243,1233,0.404,0.3044,-0.0996,0.0024,0.1006,29.6528,70.5289,2017,7,istep_contrast
3.8,1387,1089,0.4046,0.2863,-0.1183,0.0036,0.112,32.2164,73.0925,2017,7,istep_contrast
3.9,1716,760,0.4183,0.2458,-0.1725,0.0087,0.1474,37.2224,78.8857,2017,7,istep_contrast
4,1716,760,0.4183,0.2458,-0.1725,0.0087,0.1474,37.2224,78.8857,2017,7,istep_contrast
4.1,1866,610,0.4316,0.2436,-0.188,0.0134,0.1672,39.887,80.8841,2017,7,istep_contrast
4.2,1976,500,0.4431,0.2195,-0.2236,0.0162,0.19,41.9257,82.8421,2017,7,istep_contrast
4.3,2172,304,0.4627,0.2422,-0.2205,0.0239,0.2467,44.3278,86.3545,2017,7,istep_contrast
4.4,2172,304,0.4627,0.2422,-0.2205,0.0239,0.2467,44.3278,86.3545,2017,7,istep_contrast
4.5,2233,243,0.4706,0.271,-0.1996,0.0264,0.2798,45.3573,87.3234,2017,7,istep_contrast
4.6,2310,166,0.4745,0.1856,-0.2889,0.029,0.3614,47.174,91.0981,2017,7,istep_contrast
4.7,2340,136,0.4813,0.2314,-0.25,0.0325,0.375,47.174,91.8147,2017,7,istep_contrast
4.8,2415,61,0.4941,0.3183,-0.1758,0.041,0.459,49.0513,93.8232,2017,7,istep_contrast
4.9,2415,61,0.4941,0.3183,-0.1758,0.041,0.459,49.0513,93.8232,2017,7,istep_contrast
5,2426,50,0.4953,0.2432,-0.2521,0.0416,0.52,49.0513,95.6601,2017,7,istep_contrast
5.1,2445,31,0.5003,,,0.0442,,49.0513,,2017,7,istep_contrast
5.2,2453,23,0.5027,,,0.0457,,49.7578,,2017,7,istep_contrast
5.3,2461,15,0.5041,,,0.0467,,49.7578,,2017,7,istep_contrast
5.4,2461,15,0.5041,,,0.0467,,49.7578,,2017,7,istep_contrast
5.5,2463,13,0.5047,,,0.0471,,49.7578,,2017,7,istep_contrast
2,96,1812,-0.0114,0.4722,0.4836,0,0.0497,10.2148,52.0691,2017,6,istep_contrast
2.1,139,1769,0.0111,0.4644,0.4533,0,0.0509,11.6291,52.8549,2017,6,istep_contrast
2.2,159,1749,0.0322,0.4592,0.427,0,0.0515,12.3363,53.8502,2017,6,istep_contrast
2.3,185,1723,0.0613,0.4541,0.3928,0,0.0522,13.7768,53.8502,2017,6,istep_contrast
2.4,223,1685,0.0751,0.4452,0.3701,0,0.0534,14.8245,55.1074,2017,6,istep_contrast
2.5,260,1648,0.1131,0.4395,0.3264,0,0.0546,16.252,55.7884,2017,6,istep_contrast
2.6,307,1601,0.1157,0.4276,0.3119,0,0.0562,16.527,56.7575,2017,6,istep_contrast
2.7,390,1518,0.1672,0.4131,0.2459,0,0.0593,17.627,58.8266,2017,6,istep_contrast
2.8,443,1465,0.1966,0.4066,0.21,0,0.0614,19.1723,59.9005,2017,6,istep_contrast
2.9,499,1409,0.2324,0.4049,0.1725,0,0.0639,20.5867,60.9743,2017,6,istep_contrast
3,553,1355,0.2416,0.3995,0.158,0,0.0664,21.3986,62.0482,2017,6,istep_contrast
3.1,626,1282,0.2523,0.389,0.1367,0,0.0702,23.4678,63.9864,2017,6,istep_contrast
3.2,695,1213,0.2402,0.3694,0.1293,0,0.0742,24.8298,65.5317,2017,6,istep_contrast
3.3,767,1141,0.2684,0.3697,0.1013,0,0.0789,27.0561,66.8413,2017,6,istep_contrast
3.4,969,939,0.3036,0.3466,0.043,0.0021,0.0937,30.0157,71.2153,2017,6,istep_contrast
3.5,969,939,0.3036,0.3466,0.043,0.0021,0.0937,30.0157,71.2153,2017,6,istep_contrast
3.6,1076,832,0.3151,0.3186,0.0036,0.0019,0.1058,31.9277,73.5987,2017,6,istep_contrast
3.7,1185,723,0.3367,0.3121,-0.0246,0.0034,0.1189,34.7564,75.8774,2017,6,istep_contrast
3.8,1295,613,0.3636,0.3195,-0.0441,0.0054,0.1354,36.7732,78.1299,2017,6,istep_contrast
3.9,1519,389,0.3912,0.2713,-0.1199,0.0092,0.1954,40.6496,84.7564,2017,6,istep_contrast
4,1519,389,0.3912,0.2713,-0.1199,0.0092,0.1954,40.6496,84.7564,2017,6,istep_contrast
4.1,1599,309,0.4067,0.2607,-0.146,0.0131,0.2233,43.0068,86.7994,2017,6,istep_contrast
4.2,1659,249,0.4198,0.2723,-0.1475,0.0169,0.249,44.0545,88.7899,2017,6,istep_contrast
4.3,1751,157,0.4435,0.3408,-0.1026,0.0257,0.2866,46.4903,90.8853,2017,6,istep_contrast
4.4,1751,157,0.4435,0.3408,-0.1026,0.0257,0.2866,46.4903,90.8853,2017,6,istep_contrast
4.5,1793,115,0.4513,0.3289,-0.1223,0.0284,0.3391,47.4332,93.1902,2017,6,istep_contrast
4.6,1827,81,0.462,0.3832,-0.0789,0.0301,0.4321,48.4547,94.3164,2017,6,istep_contrast
4.7,1844,64,0.4672,0.4993,0.0321,0.0325,0.4688,48.4547,94.8009,2017,6,istep_contrast
4.8,1874,34,0.475,,,0.0358,,49.5024,,2017,6,istep_contrast
4.9,1874,34,0.475,,,0.0358,,49.5024,,2017,6,istep_contrast
5,1881,27,0.4777,,,0.0372,,49.5024,,2017,6,istep_contrast
5.1,1885,23,0.4797,,,0.0387,,49.5024,,2017,6,istep_contrast
5.2,1886,22,0.4802,,,0.0392,,49.5024,,2017,6,istep_contrast
5.3,1897,11,0.4855,,,0.0422,,49.5024,,2017,6,istep_contrast
5.4,1897,11,0.4855,,,0.0422,,49.5024,,2017,6,istep_contrast
5.5,1900,,0.4868,,,0.0432,,49.5024,,2017,6,istep_contrast
2,310,3279,0.1047,0.4316,0.3269,0.0032,0.0741,14.1365,54.415,2019,6,ilearn_2019
2.1,340,3249,0.1087,0.4284,0.3196,0.0029,0.0748,14.1365,54.415,2019,6,ilearn_2019
2.2,380,3209,0.1284,0.4226,0.2942,0.0026,0.0757,14.61,55.1393,2019,6,ilearn_2019
2.3,423,3166,0.1404,0.4173,0.277,0.0024,0.0768,15.0418,55.8496,2019,6,ilearn_2019
2.4,493,3096,0.1683,0.4086,0.2404,0.002,0.0785,15.9331,56.5599,2019,6,ilearn_2019
2.5,550,3039,0.1714,0.4003,0.2288,0.0018,0.08,16.2953,57.2702,2019,6,ilearn_2019
2.6,607,2982,0.1692,0.3928,0.2236,0.0016,0.0815,16.7131,57.9387,2019,6,ilearn_2019
2.7,694,2895,0.1789,0.3824,0.2035,0.0014,0.0839,17.2702,58.5933,2019,6,ilearn_2019
2.8,764,2825,0.1978,0.3738,0.176,0.0013,0.086,17.9248,59.3454,2019,6,ilearn_2019
2.9,831,2758,0.215,0.3671,0.1521,0.0012,0.0881,19.0251,60.1253,2019,6,ilearn_2019
3,902,2687,0.2273,0.3625,0.1352,0.0011,0.0904,19.4847,60.7939,2019,6,ilearn_2019
3.1,1023,2566,0.2609,0.3556,0.0947,0.0029,0.0939,21.4903,62.3259,2019,6,ilearn_2019
3.2,1114,2475,0.2837,0.3505,0.0668,0.0027,0.0974,23.2173,63.4123,2019,6,ilearn_2019
3.3,1228,2361,0.2844,0.3356,0.0511,0.0024,0.1021,23.7744,64.1226,2019,6,ilearn_2019
3.4,1505,2084,0.3199,0.3219,0.0021,0.0027,0.1152,27.0752,67.0752,2019,6,ilearn_2019
3.5,1505,2084,0.3199,0.3219,0.0021,0.0027,0.1152,27.0752,67.0752,2019,6,ilearn_2019
3.6,1682,1907,0.32,0.3049,-0.0151,0.0054,0.1232,29.039,69.1922,2019,6,ilearn_2019
3.7,1909,1680,0.3334,0.2913,-0.0422,0.0073,0.1369,31.156,71.5042,2019,6,ilearn_2019
3.8,2118,1471,0.3449,0.2777,-0.0673,0.0099,0.1516,33.4471,73.3565,2019,6,ilearn_2019
3.9,2575,1014,0.3848,0.272,-0.1128,0.0167,0.1982,39.0947,78.6908,2019,6,ilearn_2019
4,2575,1014,0.3848,0.272,-0.1128,0.0167,0.1982,39.0947,78.6908,2019,6,ilearn_2019
4.1,2810,779,0.398,0.2556,-0.1424,0.0203,0.2401,41.2396,82.2841,2019,6,ilearn_2019
4.2,2963,626,0.4059,0.2422,-0.1638,0.025,0.2716,42.6602,84.3733,2019,6,ilearn_2019
4.3,3241,348,0.4285,0.3055,-0.1231,0.0361,0.3649,45.6407,88.1616,2019,6,ilearn_2019
4.4,3241,348,0.4285,0.3055,-0.1231,0.0361,0.3649,45.6407,88.1616,2019,6,ilearn_2019
4.5,3342,247,0.4359,0.3224,-0.1135,0.0428,0.4089,46.9499,91.0028,2019,6,ilearn_2019
4.6,3424,165,0.4451,0.2848,-0.1603,0.0473,0.497,48.078,92.9248,2019,6,ilearn_2019
4.7,3467,122,0.4523,0.3422,-0.1101,0.0513,0.541,48.8022,95.0696,2019,6,ilearn_2019
4.8,3535,54,0.4632,0.3024,-0.1608,0.058,0.7222,49.4708,97.5627,2019,6,ilearn_2019
4.9,3535,54,0.4632,0.3024,-0.1608,0.058,0.7222,49.4708,97.5627,2019,6,ilearn_2019
5,3550,39,0.4661,,,0.0594,,49.4708,,2019,6,ilearn_2019
5.1,3560,29,0.4688,,,0.0615,,49.4708,,2019,6,ilearn_2019
5.2,3565,24,0.4698,,,0.0623,,49.4708,,2019,6,ilearn_2019
5.3,3575,14,0.4724,,,0.0646,,50.0836,,2019,6,ilearn_2019
5.4,3575,14,0.4724,,,0.0646,,50.0836,,2019,6,ilearn_2019
5.5,3579,10,0.4735,,,0.0657,,50.0836,,2019,6,ilearn_2019
2,380,3455,0.1079,0.4806,0.3726,0,0.0651,12.5652,54.8879,2021,8,primary
2.1,428,3407,0.1348,0.4755,0.3407,0,0.066,13.3994,55.4614,2021,8,primary
2.2,462,3373,0.1558,0.4722,0.3164,0,0.0667,13.9208,56.074,2021,8,primary
2.3,515,3320,0.1637,0.4666,0.3029,0,0.0678,14.5073,56.6475,2021,8,primary
2.4,568,3267,0.1599,0.46,0.3001,0,0.0689,14.8592,57.1168,2021,8,primary
2.5,619,3216,0.1525,0.4533,0.3008,0,0.07,15.2112,57.6642,2021,8,primary
2.6,676,3159,0.1638,0.448,0.2842,0,0.0712,15.7847,58.2899,2021,8,primary
2.7,785,3050,0.2238,0.4459,0.2221,0.0013,0.0734,17.0099,59.4891,2021,8,primary
2.8,873,2962,0.2248,0.4363,0.2115,0.0011,0.0756,17.8832,60.7404,2021,8,primary
2.9,963,2872,0.227,0.4269,0.2,0.001,0.078,18.8999,61.7961,2021,8,primary
3,1070,2765,0.2303,0.4149,0.1845,9e-04,0.081,19.4604,63.0474,2021,8,primary
3.1,1270,2565,0.2697,0.3993,0.1296,8e-04,0.0873,21.9499,65.3024,2021,8,primary
3.2,1413,2422,0.2784,0.3816,0.1032,7e-04,0.0925,23.488,66.9056,2021,8,primary
3.3,1549,2286,0.3006,0.373,0.0725,6e-04,0.098,24.7393,68.3003,2021,8,primary
3.4,1883,1952,0.3288,0.3469,0.0181,0.0021,0.1132,28.4802,71.0375,2021,8,primary
3.5,1883,1952,0.3288,0.3469,0.0181,0.0021,0.1132,28.4802,71.0375,2021,8,primary
3.6,2072,1763,0.3494,0.3286,-0.0208,0.0024,0.1248,30.3702,73.475,2021,8,primary
3.7,2267,1568,0.3667,0.3147,-0.0519,0.0035,0.1384,32.182,75.3519,2021,8,primary
3.8,2451,1384,0.39,0.3125,-0.0775,0.0057,0.1525,34.5021,76.8248,2021,8,primary
3.9,2772,1063,0.4139,0.2903,-0.1236,0.0087,0.1891,37.3045,81.0089,2021,8,primary
4,2772,1063,0.4139,0.2903,-0.1236,0.0087,0.1891,37.3045,81.0089,2021,8,primary
4.1,2944,891,0.4311,0.2744,-0.1567,0.0102,0.2189,39.8071,83.1335,2021,8,primary
4.2,3035,800,0.4382,0.2666,-0.1715,0.0119,0.2362,40.4718,84.3587,2021,8,primary
4.3,3262,573,0.4601,0.2616,-0.1985,0.0196,0.281,43.4176,87.3436,2021,8,primary
4.4,3262,573,0.4601,0.2616,-0.1985,0.0196,0.281,43.4176,87.3436,2021,8,primary
4.5,3366,469,0.4664,0.233,-0.2334,0.0217,0.3241,44.2258,88.7513,2021,8,primary
4.6,3468,367,0.4806,0.2679,-0.2127,0.0262,0.3651,45.5553,89.9505,2021,8,primary
4.7,3529,306,0.4868,0.2733,-0.2135,0.0292,0.3987,46.2852,91.1366,2021,8,primary
4.8,3652,183,0.4979,0.3077,-0.1902,0.0381,0.4699,47.8363,93.2742,2021,8,primary
4.9,3652,183,0.4979,0.3077,-0.1902,0.0381,0.4699,47.8363,93.2742,2021,8,primary
5,3682,153,0.4998,0.2373,-0.2626,0.0391,0.5294,47.8363,94.8644,2021,8,primary
5.1,3714,121,0.5042,0.1574,-0.3468,0.0409,0.6033,48.5271,95.7638,2021,8,primary
5.2,3744,91,0.5089,0.1228,-0.3861,0.0449,0.6264,49.2179,96.3113,2021,8,primary
5.3,3785,50,0.517,0.219,-0.298,0.0505,0.68,49.2179,96.5719,2021,8,primary
5.4,3785,50,0.517,0.219,-0.298,0.0505,0.68,49.2179,96.5719,2021,8,primary
5.5,3789,46,0.5175,,,0.0512,,49.2179,,2021,8,primary
2,64,1980,0.0756,0.4727,0.3971,0,0.047,5.9291,51.1002,2017,5,istep_contrast
2.1,77,1967,0.1144,0.4693,0.3549,0,0.0473,6.9193,52.3227,2017,5,istep_contrast
2.2,89,1955,0.1536,0.4672,0.3136,0,0.0476,7.2861,52.3227,2017,5,istep_contrast
2.3,103,1941,0.1644,0.464,0.2996,0,0.0479,7.7751,52.3227,2017,5,istep_contrast
2.4,125,1919,0.1586,0.4579,0.2994,0,0.0485,8.8998,53.5208,2017,5,istep_contrast
2.5,142,1902,0.1794,0.4544,0.275,0,0.0489,11.198,53.5208,2017,5,istep_contrast
2.6,165,1879,0.2042,0.4509,0.2467,0,0.0495,12.2738,53.5208,2017,5,istep_contrast
2.7,181,1863,0.2075,0.448,0.2405,0,0.0499,12.9584,54.7677,2017,5,istep_contrast
2.8,215,1829,0.2171,0.4411,0.224,0,0.0508,14.2054,54.7677,2017,5,istep_contrast
2.9,246,1798,0.2026,0.4341,0.2315,0,0.0517,14.9633,56.088,2017,5,istep_contrast
3,281,1763,0.2021,0.4275,0.2254,0,0.0528,14.9633,56.088,2017,5,istep_contrast
3.1,338,1706,0.2059,0.419,0.2131,0,0.0545,16.0391,57.1638,2017,5,istep_contrast
3.2,392,1652,0.212,0.4091,0.1971,0,0.0563,16.8093,58.4597,2017,5,istep_contrast
3.3,423,1621,0.2274,0.4034,0.1761,0,0.0574,17.8729,58.8753,2017,5,istep_contrast
3.4,552,1492,0.2668,0.3883,0.1215,0,0.0623,20.8313,61.7359,2017,5,istep_contrast
3.5,552,1492,0.2668,0.3883,0.1215,0,0.0623,20.8313,61.7359,2017,5,istep_contrast
3.6,634,1410,0.2919,0.3815,0.0895,0,0.066,23.1418,63.5208,2017,5,istep_contrast
3.7,735,1309,0.3103,0.3724,0.0621,0,0.071,25.4034,65.2812,2017,5,istep_contrast
3.8,882,1162,0.3101,0.3489,0.0388,0,0.08,27.3594,68.2641,2017,5,istep_contrast
3.9,1154,890,0.3348,0.3245,-0.0103,9e-04,0.1034,32.4205,73.2518,2017,5,istep_contrast
4,1154,890,0.3348,0.3245,-0.0103,9e-04,0.1034,32.4205,73.2518,2017,5,istep_contrast
4.1,1303,741,0.3637,0.3405,-0.0231,0.0023,0.1215,35.11,75.0856,2017,5,istep_contrast
4.2,1394,650,0.3653,0.3263,-0.0389,0.0043,0.1338,37.0171,77.7262,2017,5,istep_contrast
4.3,1583,461,0.3844,0.3373,-0.047,0.0114,0.1627,39.78,82.0049,2017,5,istep_contrast
4.4,1583,461,0.3844,0.3373,-0.047,0.0114,0.1627,39.78,82.0049,2017,5,istep_contrast
4.5,1653,391,0.3965,0.336,-0.0605,0.0115,0.1893,41.467,84.3765,2017,5,istep_contrast
4.6,1763,281,0.4142,0.3363,-0.0779,0.0153,0.2349,43.7164,87.6039,2017,5,istep_contrast
4.7,1817,227,0.4242,0.3224,-0.1018,0.0165,0.2775,44.7188,89.2421,2017,5,istep_contrast
4.8,1914,130,0.4507,0.4562,0.0055,0.0246,0.3538,47.0905,91.8826,2017,5,istep_contrast
4.9,1914,130,0.4507,0.4562,0.0055,0.0246,0.3538,47.0905,91.8826,2017,5,istep_contrast
5,1955,89,0.4588,0.4252,-0.0336,0.0251,0.4944,48.4108,95.2323,2017,5,istep_contrast
5.1,1983,61,0.4671,0.2898,-0.1773,0.0267,0.6557,48.4108,97.2861,2017,5,istep_contrast
5.2,1995,49,0.471,,,0.0296,,48.4108,,2017,5,istep_contrast
5.3,2009,35,0.477,,,0.0329,,48.4108,,2017,5,istep_contrast
5.4,2009,35,0.477,,,0.0329,,48.4108,,2017,5,istep_contrast
5.5,2018,26,0.4809,,,0.0362,,49.8289,,2017,5,istep_contrast
2,201,2366,0.1862,0.507,0.3208,0,0.0638,10.6698,53.9136,2018,6,istep_contrast
2.1,229,2338,0.1743,0.5041,0.3298,0,0.0646,11.0592,53.9136,2018,6,istep_contrast
2.2,254,2313,0.1859,0.5008,0.3149,0,0.0653,11.6433,54.9844,2018,6,istep_contrast
2.3,297,2270,0.1681,0.4937,0.3255,0,0.0665,12.169,54.9844,2018,6,istep_contrast
2.4,356,2211,0.194,0.4885,0.2945,0,0.0683,13.2399,56.0164,2018,6,istep_contrast
2.5,402,2165,0.2083,0.4828,0.2746,0,0.0697,14.447,56.8925,2018,6,istep_contrast
2.6,439,2128,0.2327,0.4803,0.2476,0,0.071,15.0117,57.6519,2018,6,istep_contrast
2.7,511,2056,0.2372,0.47,0.2328,0,0.0734,16.102,59.0537,2018,6,istep_contrast
2.8,562,2005,0.2177,0.4569,0.2392,0,0.0753,16.4914,60.4556,2018,6,istep_contrast
2.9,623,1944,0.2281,0.4448,0.2167,0,0.0777,17.6597,61.215,2018,6,istep_contrast
3,687,1880,0.2553,0.4381,0.1828,0,0.0803,19.0615,62.7336,2018,6,istep_contrast
3.1,788,1779,0.2755,0.4275,0.152,0,0.0849,20.3466,64.0576,2018,6,istep_contrast
3.2,873,1694,0.2829,0.4161,0.1332,0,0.0891,21.6121,65.3427,2018,6,istep_contrast
3.3,971,1596,0.3,0.4045,0.1046,0,0.0946,23.5397,67.2508,2018,6,istep_contrast
3.4,1200,1367,0.3533,0.3992,0.0459,0,0.1105,27.1223,70.2103,2018,6,istep_contrast
3.5,1200,1367,0.3533,0.3992,0.0459,0,0.1105,27.1223,70.2103,2018,6,istep_contrast
3.6,1341,1226,0.3582,0.3775,0.0194,7e-04,0.1223,28.7773,73.2671,2018,6,istep_contrast
3.7,1504,1063,0.3831,0.3709,-0.0122,0.0027,0.1383,32.1651,75.6815,2018,6,istep_contrast
3.8,1656,911,0.3972,0.3581,-0.039,0.0042,0.1581,34.229,78.4657,2018,6,istep_contrast
3.9,1960,607,0.4408,0.3825,-0.0583,0.0097,0.2175,39.5444,83.5086,2018,6,istep_contrast
4,1960,607,0.4408,0.3825,-0.0583,0.0097,0.2175,39.5444,83.5086,2018,6,istep_contrast
4.1,2064,503,0.4466,0.3508,-0.0959,0.0107,0.2565,40.8684,85.845,2018,6,istep_contrast
4.2,2143,424,0.4576,0.3438,-0.1138,0.0149,0.2807,42.4844,87.3442,2018,6,istep_contrast
4.3,2327,240,0.4862,0.3142,-0.172,0.0232,0.4042,45.5413,91.433,2018,6,istep_contrast
4.4,2327,240,0.4862,0.3142,-0.172,0.0232,0.4042,45.5413,91.433,2018,6,istep_contrast
4.5,2374,193,0.4924,0.2486,-0.2438,0.0261,0.4611,46.2227,92.9517,2018,6,istep_contrast
4.6,2419,148,0.5043,0.2498,-0.2544,0.0314,0.5068,46.9042,94.2173,2018,6,istep_contrast
4.7,2447,120,0.5109,0.3012,-0.2097,0.036,0.525,47.7609,94.4704,2018,6,istep_contrast
4.8,2509,58,0.5261,0.4025,-0.1237,0.0446,0.6724,48.7344,96.6121,2018,6,istep_contrast
4.9,2509,58,0.5261,0.4025,-0.1237,0.0446,0.6724,48.7344,96.6121,2018,6,istep_contrast
5,2526,41,0.5312,,,0.0479,,49.1725,,2018,6,istep_contrast
5.1,2536,31,0.5338,,,0.0497,,49.6106,,2018,6,istep_contrast
5.2,2542,25,0.5349,,,0.0511,,49.6106,,2018,6,istep_contrast
5.3,2554,13,0.5385,,,0.054,,49.6106,,2018,6,istep_contrast
5.4,2554,13,0.5385,,,0.054,,49.6106,,2018,6,istep_contrast
5.5,2556,11,0.5392,,,0.0548,,49.6106,,2018,6,istep_contrast
2,324,2550,0.0163,0.4951,0.4788,0,0.0965,13.6348,55.7043,2019,7,ilearn_2019
2.1,366,2508,0.0538,0.4904,0.4366,0,0.0981,14.2174,56.0087,2019,7,ilearn_2019
2.2,405,2469,0.0586,0.4831,0.4245,0,0.0996,14.3652,56.9043,2019,7,ilearn_2019
2.3,436,2438,0.0805,0.4798,0.3993,0,0.1009,14.9913,56.9043,2019,7,ilearn_2019
2.4,502,2372,0.1124,0.4722,0.3598,0,0.1037,16.6696,58.087,2019,7,ilearn_2019
2.5,555,2319,0.1333,0.466,0.3328,0,0.1061,17.4435,59.1826,2019,7,ilearn_2019
2.6,605,2269,0.1636,0.462,0.2984,0,0.1084,17.913,59.6348,2019,7,ilearn_2019
2.7,685,2189,0.195,0.4507,0.2557,0,0.1124,18.713,61.2348,2019,7,ilearn_2019
2.8,759,2115,0.2257,0.4475,0.2218,0,0.1163,19.6,62.3304,2019,7,ilearn_2019
2.9,819,2055,0.2345,0.4415,0.2071,0.0012,0.1192,20.4696,62.9043,2019,7,ilearn_2019
3,871,2003,0.2302,0.4315,0.2013,0.0011,0.1223,20.9391,64.0696,2019,7,ilearn_2019
3.1,966,1908,0.2509,0.4206,0.1697,0.001,0.1284,21.7565,65.7217,2019,7,ilearn_2019
3.2,1048,1826,0.2672,0.412,0.1448,0.001,0.1342,23.2174,66.9391,2019,7,ilearn_2019
3.3,1119,1755,0.2762,0.4025,0.1263,9e-04,0.1396,24.2087,67.513,2019,7,ilearn_2019
3.4,1289,1585,0.3078,0.3942,0.0864,0.0031,0.1527,26.2783,69.913,2019,7,ilearn_2019
3.5,1289,1585,0.3078,0.3942,0.0864,0.0031,0.1527,26.2783,69.913,2019,7,ilearn_2019
3.6,1405,1469,0.3313,0.3854,0.0541,0.0028,0.1647,27.8435,71.5826,2019,7,ilearn_2019
3.7,1539,1335,0.3559,0.3806,0.0246,0.0045,0.179,30.087,73.6522,2019,7,ilearn_2019
3.8,1705,1169,0.3824,0.3946,0.0122,0.0088,0.1976,32.087,75.4087,2019,7,ilearn_2019
3.9,2017,857,0.4031,0.3706,-0.0325,0.0164,0.2485,36.5739,80.4522,2019,7,ilearn_2019
4,2017,857,0.4031,0.3706,-0.0325,0.0164,0.2485,36.5739,80.4522,2019,7,ilearn_2019
4.1,2179,695,0.4132,0.3521,-0.0611,0.0225,0.2835,38.7478,83.4783,2019,7,ilearn_2019
4.2,2288,586,0.4326,0.3418,-0.0908,0.0245,0.3242,40.5217,85.287,2019,7,ilearn_2019
4.3,2478,396,0.4608,0.3362,-0.1246,0.0327,0.4167,43.4609,88.8609,2019,7,ilearn_2019
4.4,2478,396,0.4608,0.3362,-0.1246,0.0327,0.4167,43.4609,88.8609,2019,7,ilearn_2019
4.5,2536,338,0.468,0.3116,-0.1564,0.0371,0.4497,44.087,90.0522,2019,7,ilearn_2019
4.6,2609,265,0.4836,0.2993,-0.1844,0.0422,0.5132,45.6348,91.8435,2019,7,ilearn_2019
4.7,2657,217,0.4926,0.3029,-0.1897,0.0474,0.553,46.3478,92.6783,2019,7,ilearn_2019
4.8,2741,133,0.5066,0.1883,-0.3183,0.0562,0.6917,47.8261,96.2087,2019,7,ilearn_2019
4.9,2741,133,0.5066,0.1883,-0.3183,0.0562,0.6917,47.8261,96.2087,2019,7,ilearn_2019
5,2768,106,0.5132,0.2135,-0.2997,0.0614,0.717,48.4174,96.8,2019,7,ilearn_2019
5.1,2784,90,0.5171,0.1534,-0.3637,0.0639,0.7556,48.4174,96.9913,2019,7,ilearn_2019
5.2,2801,73,0.5219,0.1455,-0.3764,0.0682,0.7534,48.4174,97.2174,2019,7,ilearn_2019
5.3,2834,40,0.5288,,,0.0745,,49.3913,,2019,7,ilearn_2019
5.4,2834,40,0.5288,,,0.0745,,49.3913,,2019,7,ilearn_2019
5.5,2844,30,0.5315,,,0.0774,,49.3913,,2019,7,ilearn_2019
2,49,3117,,0.458,,,0.0561,,50.2368,2017,4,istep_contrast
2.1,53,3113,0.086,0.4572,0.3712,0,0.0562,5.7783,51.2946,2017,4,istep_contrast
2.2,62,3104,0.1035,0.4557,0.3521,0,0.0564,5.9757,51.2946,2017,4,istep_contrast
2.3,76,3090,0.1253,0.4533,0.3279,0,0.0566,6.3625,51.2946,2017,4,istep_contrast
2.4,97,3069,0.1928,0.4504,0.2575,0,0.057,8.0518,51.2946,2017,4,istep_contrast
2.5,116,3050,0.1662,0.447,0.2808,0,0.0574,8.9201,51.7761,2017,4,istep_contrast
2.6,140,3026,0.178,0.444,0.266,0,0.0578,9.6937,52.2577,2017,4,istep_contrast
2.7,170,2996,0.1446,0.4379,0.2933,0,0.0584,10.1831,52.2577,2017,4,istep_contrast
2.8,194,2972,0.16,0.4354,0.2754,0,0.0589,10.7278,53.3786,2017,4,istep_contrast
2.9,232,2934,0.2001,0.4309,0.2308,0,0.0596,12.1408,53.3786,2017,4,istep_contrast
3,275,2891,0.1817,0.4254,0.2436,0,0.0605,12.1408,53.3786,2017,4,istep_contrast
3.1,340,2826,0.2264,0.4213,0.1949,0,0.0619,14.5564,55.0837,2017,4,istep_contrast
3.2,393,2773,0.2085,0.4134,0.2049,0,0.0631,14.5564,55.0837,2017,4,istep_contrast
3.3,460,2706,0.213,0.4055,0.1925,0,0.0647,16.1825,56.0783,2017,4,istep_contrast
3.4,657,2509,0.2578,0.3988,0.141,0.0015,0.0694,19.4032,58.5412,2017,4,istep_contrast
3.5,657,2509,0.2578,0.3988,0.141,0.0015,0.0694,19.4032,58.5412,2017,4,istep_contrast
3.6,807,2359,0.2434,0.3854,0.1419,0.0037,0.0729,22.1029,60.8462,2017,4,istep_contrast
3.7,990,2176,0.2295,0.3643,0.1349,0.004,0.0786,23.9343,62.8986,2017,4,istep_contrast
3.8,1202,1964,0.241,0.3409,0.0999,0.005,0.086,25.8131,66.1983,2017,4,istep_contrast
3.9,1695,1471,0.2884,0.3045,0.0161,0.0083,0.1094,30.9283,71.6767,2017,4,istep_contrast
4,1695,1471,0.2884,0.3045,0.0161,0.0083,0.1094,30.9283,71.6767,2017,4,istep_contrast
4.1,1956,1210,0.3228,0.2983,-0.0245,0.0112,0.1264,34.7805,74.2817,2017,4,istep_contrast
4.2,2129,1037,0.3304,0.2635,-0.0669,0.0117,0.1446,36.6751,77.3445,2017,4,istep_contrast
4.3,2457,709,0.3755,0.2776,-0.0979,0.0171,0.1876,41.1588,81.7967,2017,4,istep_contrast
4.4,2457,709,0.3755,0.2776,-0.0979,0.0171,0.1876,41.1588,81.7967,2017,4,istep_contrast
4.5,2592,574,0.3901,0.2959,-0.0943,0.0185,0.2213,42.4219,83.2176,2017,4,istep_contrast
4.6,2759,407,0.4035,0.2614,-0.1421,0.021,0.2875,44.5848,87.0856,2017,4,istep_contrast
4.7,2857,309,0.4141,0.2793,-0.1349,0.027,0.3172,45.7373,89.059,2017,4,istep_contrast
4.8,2988,178,0.4321,0.2549,-0.1772,0.0351,0.3933,46.8582,92.3903,2017,4,istep_contrast
4.9,2988,178,0.4321,0.2549,-0.1772,0.0351,0.3933,46.8582,92.3903,2017,4,istep_contrast
5,3037,129,0.4405,0.2286,-0.212,0.0395,0.4264,47.8686,93.306,2017,4,istep_contrast
5.1,3083,83,0.4499,0.2868,-0.163,0.0431,0.506,49.0212,94.8374,2017,4,istep_contrast
5.2,3102,64,0.4535,0.286,-0.1675,0.0451,0.5469,49.0212,96.1793,2017,4,istep_contrast
5.3,3130,36,0.4604,,,0.0486,,49.0212,,2017,4,istep_contrast
5.4,3130,36,0.4604,,,0.0486,,49.0212,,2017,4,istep_contrast
5.5,3135,31,0.4617,,,0.0488,,49.0212,,2017,4,istep_contrast
2,142,3523,0.1015,0.5173,0.4158,0,0.0761,5.9465,52.305,2018,5,istep_contrast
2.1,162,3503,0.1539,0.5142,0.3603,0,0.0765,6.2057,52.305,2018,5,istep_contrast
2.2,175,3490,0.1103,0.5113,0.401,0,0.0768,6.2057,52.305,2018,5,istep_contrast
2.3,189,3476,0.1439,0.5102,0.3664,0,0.0771,6.2057,52.305,2018,5,istep_contrast
2.4,205,3460,0.1757,0.5079,0.3322,0,0.0775,6.7785,52.305,2018,5,istep_contrast
2.5,229,3436,0.2271,0.505,0.2779,0,0.078,7.515,53.4506,2018,5,istep_contrast
2.6,262,3403,0.2638,0.5027,0.2388,0.0038,0.0785,8.497,53.4506,2018,5,istep_contrast
2.7,297,3368,0.2589,0.4967,0.2378,0.0034,0.0793,9.3426,53.4506,2018,5,istep_contrast
2.8,332,3333,0.2627,0.4918,0.2291,0.003,0.0801,9.82,54.5008,2018,5,istep_contrast
2.9,367,3298,0.2387,0.4852,0.2465,0.0027,0.081,10.2428,54.5008,2018,5,istep_contrast
3,406,3259,0.2284,0.4791,0.2507,0.0025,0.0819,10.4542,55.2919,2018,5,istep_contrast
3.1,483,3182,0.2533,0.4688,0.2155,0.0021,0.0839,11.5248,56.0966,2018,5,istep_contrast
3.2,562,3103,0.2444,0.4577,0.2133,0.0018,0.086,12.0431,57.7605,2018,5,istep_contrast
3.3,634,3031,0.2764,0.4507,0.1743,0.0032,0.0878,13.0115,58.647,2018,5,istep_contrast
3.4,817,2848,0.3298,0.4391,0.1093,0.0037,0.093,16.0938,60.2973,2018,5,istep_contrast
3.5,817,2848,0.3298,0.4391,0.1093,0.0037,0.093,16.0938,60.2973,2018,5,istep_contrast
3.6,922,2743,0.3322,0.4288,0.0966,0.0033,0.0966,17.3077,61.2793,2018,5,istep_contrast
3.7,1058,2607,0.3308,0.4124,0.0816,0.0038,0.1013,18.958,63.0797,2018,5,istep_contrast
3.8,1206,2459,0.3543,0.4023,0.048,0.0041,0.107,20.4037,64.7572,2018,5,istep_contrast
3.9,1549,2116,0.3676,0.3666,-0.001,0.0058,0.1224,24.5636,68.5897,2018,5,istep_contrast
4,1549,2116,0.3676,0.3666,-0.001,0.0058,0.1224,24.5636,68.5897,2018,5,istep_contrast
4.1,1784,1881,0.3913,0.3617,-0.0297,0.0056,0.1372,27.4823,71.0175,2018,5,istep_contrast
4.2,1955,1710,0.3893,0.3374,-0.052,0.0077,0.148,29.1326,72.7632,2018,5,istep_contrast
4.3,2248,1417,0.4163,0.324,-0.0923,0.0111,0.1715,32.4468,75.7638,2018,5,istep_contrast
4.4,2248,1417,0.4163,0.324,-0.0923,0.0111,0.1715,32.4468,75.7638,2018,5,istep_contrast
4.5,2458,1207,0.435,0.3161,-0.1189,0.0138,0.1939,35.3655,78.0551,2018,5,istep_contrast
4.6,2649,1016,0.45,0.3059,-0.1441,0.0166,0.2205,37.8478,80.0736,2018,5,istep_contrast
4.7,2780,885,0.4563,0.2983,-0.158,0.0183,0.2452,39.6481,81.6421,2018,5,istep_contrast
4.8,3040,625,0.4708,0.2797,-0.1911,0.0247,0.3088,42.5668,85.7474,2018,5,istep_contrast
4.9,3040,625,0.4708,0.2797,-0.1911,0.0247,0.3088,42.5668,85.7474,2018,5,istep_contrast
5,3179,486,0.4819,0.2524,-0.2294,0.0324,0.3395,44.1626,87.6568,2018,5,istep_contrast
5.1,3284,381,0.4913,0.2289,-0.2624,0.0375,0.3806,44.9536,89.3344,2018,5,istep_contrast
5.2,3343,322,0.4989,0.2395,-0.2595,0.041,0.4068,45.8674,89.8322,2018,5,istep_contrast
5.3,3469,196,0.5128,0.228,-0.2848,0.0499,0.4847,47.6132,92.1986,2018,5,istep_contrast
5.4,3469,196,0.5128,0.228,-0.2848,0.0499,0.4847,47.6132,92.1986,2018,5,istep_contrast
5.5,3516,149,0.5191,0.2543,-0.2648,0.0546,0.5101,48.0292,93.0851,2018,5,istep_contrast
2,231,5475,0.14,0.4708,0.3307,0,0.1635,7.9026,51.6734,2017,3,istep_contrast
2.1,286,5420,0.1364,0.4659,0.3295,0,0.1651,7.9026,52.6722,2017,3,istep_contrast
2.2,320,5386,0.1269,0.4625,0.3356,0,0.1662,7.9026,52.6722,2017,3,istep_contrast
2.3,392,5314,0.1289,0.454,0.325,0,0.1684,8.3406,53.741,2017,3,istep_contrast
2.4,435,5271,0.1713,0.4502,0.2789,0,0.1698,9.7687,53.741,2017,3,istep_contrast
2.5,535,5171,0.1779,0.4407,0.2628,0,0.1731,10.2593,54.88,2017,3,istep_contrast
2.6,635,5071,0.1961,0.4315,0.2355,0,0.1765,11.5647,54.88,2017,3,istep_contrast
2.7,756,4950,0.2408,0.4231,0.1823,0,0.1808,13.0979,56.0364,2017,3,istep_contrast
2.8,868,4838,0.2363,0.4135,0.1772,0,0.185,13.7112,57.1842,2017,3,istep_contrast
2.9,1013,4693,0.2678,0.4073,0.1395,0.0049,0.1896,14.7801,58.3494,2017,3,istep_contrast
3,1136,4570,0.2616,0.3972,0.1356,0.0062,0.1943,16.2082,58.3494,2017,3,istep_contrast
3.1,1286,4420,0.2582,0.3849,0.1267,0.007,0.2005,16.8565,60.3995,2017,3,istep_contrast
3.2,1459,4247,0.2685,0.3717,0.1032,0.0089,0.2077,18.0918,61.4158,2017,3,istep_contrast
3.3,1665,4041,0.3035,0.3655,0.0619,0.0114,0.2168,19.5199,62.4058,2017,3,istep_contrast
3.4,2208,3498,0.3252,0.3366,0.0114,0.0222,0.2419,23.9092,66.1556,2017,3,istep_contrast
3.5,2208,3498,0.3252,0.3366,0.0114,0.0222,0.2419,23.9092,66.1556,2017,3,istep_contrast
3.6,2530,3176,0.3397,0.3205,-0.0192,0.0281,0.2594,26.9844,68.232,2017,3,istep_contrast
3.7,2890,2816,0.3592,0.3054,-0.0538,0.0332,0.2837,29.5952,70.1857,2017,3,istep_contrast
3.8,3251,2455,0.3714,0.2806,-0.0908,0.0424,0.3084,32.2323,72.9105,2017,3,istep_contrast
3.9,4004,1702,0.3999,0.2645,-0.1354,0.0659,0.3707,36.9371,77.2735,2017,3,istep_contrast
4,4004,1702,0.3999,0.2645,-0.1354,0.0659,0.3707,36.9371,77.2735,2017,3,istep_contrast
4.1,4351,1355,0.4115,0.2325,-0.179,0.0745,0.4214,39.7231,80.5677,2017,3,istep_contrast
4.2,4565,1141,0.4213,0.2184,-0.2029,0.0828,0.4531,40.7482,82.0834,2017,3,istep_contrast
4.3,4958,748,0.4422,0.1895,-0.2527,0.1017,0.5227,43.9723,85.3338,2017,3,istep_contrast
4.4,4958,748,0.4422,0.1895,-0.2527,0.1017,0.5227,43.9723,85.3338,2017,3,istep_contrast
4.5,5123,583,0.4536,0.2165,-0.2371,0.1118,0.5523,44.9448,86.5516,2017,3,istep_contrast
4.6,5260,446,0.46,0.1816,-0.2785,0.1192,0.6009,46.0224,88.8032,2017,3,istep_contrast
4.7,5377,329,0.4666,0.1334,-0.3332,0.1274,0.6383,47.0825,89.9071,2017,3,istep_contrast
4.8,5559,147,0.4807,0.0959,-0.3848,0.1412,0.7483,48.7121,93.4817,2017,3,istep_contrast
4.9,5559,147,0.4807,0.0959,-0.3848,0.1412,0.7483,48.7121,93.4817,2017,3,istep_contrast
5,5604,102,0.4852,0.1525,-0.3327,0.146,0.7549,48.7121,93.9548,2017,3,istep_contrast
5.1,5644,62,0.4891,0.0569,-0.4322,0.1499,0.7903,49.7109,94.4629,2017,3,istep_contrast
5.2,5669,37,0.4919,,,0.1528,,49.7109,,2017,3,istep_contrast
5.3,5690,16,0.4937,,,0.155,,49.7109,,2017,3,istep_contrast
5.4,5690,16,0.4937,,,0.155,,49.7109,,2017,3,istep_contrast
5.5,5699,,0.4947,,,0.156,,49.7109,,2017,3,istep_contrast
2,136,6103,0.1451,0.5311,0.386,0,0.1411,4.0946,51.4103,2018,4,istep_contrast
2.1,152,6087,0.1862,0.5296,0.3434,0,0.1414,4.2788,51.4103,2018,4,istep_contrast
2.2,165,6074,0.1789,0.5282,0.3493,0,0.1418,4.5513,51.4103,2018,4,istep_contrast
2.3,179,6060,0.1576,0.5266,0.3691,0,0.1421,4.5513,51.4103,2018,4,istep_contrast
2.4,199,6040,0.172,0.5252,0.3532,0.005,0.1424,4.8558,51.4103,2018,4,istep_contrast
2.5,228,6011,0.1539,0.522,0.3681,0.0044,0.1431,4.8558,51.4103,2018,4,istep_contrast
2.6,253,5986,0.1907,0.5196,0.3289,0.004,0.1437,5.1362,52.3077,2018,4,istep_contrast
2.7,284,5955,0.1912,0.5166,0.3254,0.0035,0.1444,5.3926,52.3077,2018,4,istep_contrast
2.8,316,5923,0.208,0.5138,0.3058,0.0032,0.1452,6.4663,52.3077,2018,4,istep_contrast
2.9,358,5881,0.1889,0.509,0.32,0.0028,0.1462,6.4663,53.3013,2018,4,istep_contrast
3,411,5828,0.1851,0.5037,0.3186,0.0024,0.1476,6.4663,53.3013,2018,4,istep_contrast
3.1,493,5746,0.2116,0.4973,0.2857,0.002,0.1497,7.3718,54.399,2018,4,istep_contrast
3.2,576,5663,0.2472,0.4901,0.2428,0.0017,0.1519,8.4856,54.399,2018,4,istep_contrast
3.3,664,5575,0.2455,0.4825,0.2371,0.0015,0.1543,9.0625,55.4647,2018,4,istep_contrast
3.4,882,5357,0.2863,0.4655,0.1791,0.0023,0.1604,11.3141,56.3702,2018,4,istep_contrast
3.5,882,5357,0.2863,0.4655,0.1791,0.0023,0.1604,11.3141,56.3702,2018,4,istep_contrast
3.6,1024,5215,0.3193,0.4576,0.1383,0.0029,0.1645,12.5801,57.3157,2018,4,istep_contrast
3.7,1225,5014,0.3259,0.4441,0.1182,0.0033,0.1709,13.9663,59.2147,2018,4,istep_contrast
3.8,1430,4809,0.331,0.4303,0.0994,0.0035,0.178,15.2324,60.8814,2018,4,istep_contrast
3.9,2067,4172,0.3616,0.3903,0.0287,0.0077,0.2025,20.6891,65.0721,2018,4,istep_contrast
4,2067,4172,0.3616,0.3903,0.0287,0.0077,0.2025,20.6891,65.0721,2018,4,istep_contrast
4.1,2404,3835,0.3797,0.3727,-0.007,0.0104,0.218,22.6362,66.6827,2018,4,istep_contrast
4.2,2700,3539,0.3917,0.3582,-0.0335,0.0111,0.2348,24.7516,69.1907,2018,4,istep_contrast
4.3,3318,2921,0.4112,0.3226,-0.0887,0.0211,0.2708,29.5192,72.6362,2018,4,istep_contrast
4.4,3318,2921,0.4112,0.3226,-0.0887,0.0211,0.2708,29.5192,72.6362,2018,4,istep_contrast
4.5,3620,2619,0.4265,0.3131,-0.1134,0.0262,0.2925,31.6506,74.1106,2018,4,istep_contrast
4.6,4032,2207,0.4423,0.3027,-0.1396,0.0352,0.3258,34.0545,76.7628,2018,4,istep_contrast
4.7,4365,1874,0.4547,0.2893,-0.1654,0.0424,0.3607,36.3301,79.0385,2018,4,istep_contrast
4.8,4931,1308,0.4723,0.2496,-0.2227,0.0572,0.4427,40.6731,83.5016,2018,4,istep_contrast
4.9,4931,1308,0.4723,0.2496,-0.2227,0.0572,0.4427,40.6731,83.5016,2018,4,istep_contrast
5,5181,1058,0.4816,0.2445,-0.237,0.0674,0.4839,42.2837,85.3846,2018,4,istep_contrast
5.1,5407,832,0.4928,0.2291,-0.2637,0.078,0.5276,43.9904,87.0433,2018,4,istep_contrast
5.2,5513,726,0.4958,0.2048,-0.291,0.0833,0.5537,44.8397,87.9728,2018,4,istep_contrast
5.3,5788,451,0.5133,0.2385,-0.2747,0.1016,0.6053,46.7788,89.4391,2018,4,istep_contrast
5.4,5788,451,0.5133,0.2385,-0.2747,0.1016,0.6053,46.7788,89.4391,2018,4,istep_contrast
5.5,5863,376,0.5171,0.236,-0.2811,0.1057,0.641,46.7788,90.5288,2018,4,istep_contrast
2,194,5448,0.0776,0.4838,0.4062,0,0.1327,7.5846,51.9405,2019,5,ilearn_2019
2.1,224,5418,0.0715,0.4801,0.4085,0,0.1334,7.8239,51.9405,2019,5,ilearn_2019
2.2,238,5404,0.0887,0.4788,0.3902,0,0.1338,7.9302,51.9405,2019,5,ilearn_2019
2.3,257,5385,0.0712,0.4767,0.4056,0,0.1343,7.8239,51.9405,2019,5,ilearn_2019
2.4,278,5364,0.0766,0.4739,0.3972,0,0.1348,8.2935,52.5961,2019,5,ilearn_2019
2.5,311,5331,0.1166,0.4701,0.3534,0,0.1356,8.5593,52.5961,2019,5,ilearn_2019
2.6,331,5311,0.1077,0.4676,0.3599,0,0.1361,8.8251,52.5961,2019,5,ilearn_2019
2.7,362,5280,0.1141,0.464,0.3499,0,0.1369,8.8251,53.243,2019,5,ilearn_2019
2.8,400,5242,0.1001,0.459,0.3589,0,0.1379,8.8251,53.243,2019,5,ilearn_2019
2.9,434,5208,0.1375,0.4555,0.318,0,0.1388,9.1441,53.8278,2019,5,ilearn_2019
3,466,5176,0.141,0.4518,0.3108,0,0.1397,9.4365,53.8278,2019,5,ilearn_2019
3.1,522,5120,0.1593,0.4457,0.2864,0,0.1412,9.9504,54.3505,2019,5,ilearn_2019
3.2,576,5066,0.1861,0.4414,0.2553,0.0017,0.1425,10.4997,54.8733,2019,5,ilearn_2019
3.3,640,5002,0.2019,0.4357,0.2338,0.0016,0.1443,10.7744,55.4315,2019,5,ilearn_2019
3.4,816,4826,0.2243,0.4197,0.1953,0.0025,0.1494,11.8908,57.0087,2019,5,ilearn_2019
3.5,816,4826,0.2243,0.4197,0.1953,0.0025,0.1494,11.8908,57.0087,2019,5,ilearn_2019
3.6,925,4717,0.2697,0.4121,0.1424,0.0022,0.1529,13.1756,57.496,2019,5,ilearn_2019
3.7,1085,4557,0.2971,0.4017,0.1046,0.0028,0.158,14.8148,58.7365,2019,5,ilearn_2019
3.8,1267,4375,0.308,0.3891,0.0811,0.0039,0.1641,16.5515,59.9947,2019,5,ilearn_2019
3.9,1748,3894,0.3268,0.3574,0.0306,0.0069,0.1826,20.459,63.6275,2019,5,ilearn_2019
4,1748,3894,0.3268,0.3574,0.0306,0.0069,0.1826,20.459,63.6275,2019,5,ilearn_2019
4.1,2085,3557,0.3489,0.343,-0.0059,0.011,0.1968,22.9931,65.6123,2019,5,ilearn_2019
4.2,2334,3308,0.3572,0.3255,-0.0316,0.012,0.2101,25.2968,67.5793,2019,5,ilearn_2019
4.3,2906,2736,0.375,0.2893,-0.0857,0.0206,0.2423,29.6119,71.1147,2019,5,ilearn_2019
4.4,2906,2736,0.375,0.2893,-0.0857,0.0206,0.2423,29.6119,71.1147,2019,5,ilearn_2019
4.5,3190,2452,0.3802,0.267,-0.1132,0.0251,0.2622,31.3884,73.4273,2019,5,ilearn_2019
4.6,3558,2084,0.3963,0.2373,-0.159,0.0306,0.2946,34.0156,75.7842,2019,5,ilearn_2019
4.7,3873,1769,0.4136,0.224,-0.1896,0.04,0.3211,36.7535,77.6271,2019,5,ilearn_2019
4.8,4447,1195,0.4438,0.2297,-0.2141,0.0616,0.3757,41.1926,80.4359,2019,5,ilearn_2019
4.9,4447,1195,0.4438,0.2297,-0.2141,0.0616,0.3757,41.1926,80.4359,2019,5,ilearn_2019
5,4670,972,0.4493,0.2146,-0.2347,0.0692,0.4115,42.3711,81.9511,2019,5,ilearn_2019
5.1,4907,735,0.4589,0.2006,-0.2583,0.0789,0.4571,44.1963,84.6004,2019,5,ilearn_2019
5.2,5035,607,0.4664,0.2277,-0.2387,0.0872,0.4679,45.1976,85.3535,2019,5,ilearn_2019
5.3,5254,388,0.4774,0.1897,-0.2877,0.0957,0.567,47.1026,89.837,2019,5,ilearn_2019
5.4,5254,388,0.4774,0.1897,-0.2877,0.0957,0.567,47.1026,89.837,2019,5,ilearn_2019
5.5,5362,280,0.4809,0.0981,-0.3828,0.1016,0.6357,47.6431,91.6711,2019,5,ilearn_2019
2,352,4636,-0.006,0.4794,0.4855,0,0.0738,10.6083,53.2872,2021,7,primary
2.1,404,4584,0.0273,0.4732,0.4459,0,0.0746,10.7837,53.8886,2021,7,primary
2.2,447,4541,0.0428,0.4679,0.4251,0,0.0753,11.1245,54.4097,2021,7,primary
2.3,507,4481,0.0733,0.4607,0.3874,0,0.0763,11.6957,54.9709,2021,7,primary
2.4,571,4417,0.0979,0.4535,0.3556,0,0.0774,12.0064,55.6825,2021,7,primary
2.5,637,4351,0.1175,0.4458,0.3283,0,0.0786,12.7781,56.364,2021,7,primary
2.6,714,4274,0.1354,0.4369,0.3014,0,0.08,12.7781,57.0054,2021,7,primary
2.7,839,4149,0.1854,0.4266,0.2412,0,0.0824,14.081,58.0677,2021,7,primary
2.8,930,4058,0.2057,0.4173,0.2116,0,0.0843,15.0782,58.7292,2021,7,primary
2.9,1034,3954,0.2271,0.4068,0.1797,0,0.0865,16.3059,59.4708,2021,7,primary
3,1140,3848,0.256,0.4003,0.1443,0,0.0889,17.1778,60.8439,2021,7,primary
3.1,1346,3642,0.294,0.3871,0.0931,0,0.0939,18.9417,62.3572,2021,7,primary
3.2,1541,3447,0.2959,0.366,0.0702,0,0.0992,20.1944,64.2213,2021,7,primary
3.3,1755,3233,0.3179,0.3509,0.033,0,0.1058,21.9483,65.4841,2021,7,primary
3.4,2267,2721,0.3656,0.3259,-0.0396,0.0022,0.1239,26.5083,69.082,2021,7,primary
3.5,2267,2721,0.3656,0.3259,-0.0396,0.0022,0.1239,26.5083,69.082,2021,7,primary
3.6,2501,2487,0.3833,0.3125,-0.0708,0.0032,0.1343,28.8234,71.2568,2021,7,primary
3.7,2817,2171,0.4009,0.3042,-0.0966,0.0078,0.1474,31.6797,73.3814,2021,7,primary
3.8,3091,1897,0.4115,0.2969,-0.1146,0.0107,0.1629,33.9747,75.0952,2021,7,primary
3.9,3616,1372,0.4289,0.2643,-0.1646,0.0152,0.2092,38.3844,79.8657,2021,7,primary
4,3616,1372,0.4289,0.2643,-0.1646,0.0152,0.2092,38.3844,79.8657,2021,7,primary
4.1,3849,1139,0.4398,0.2607,-0.1791,0.0195,0.2344,40.008,81.82,2021,7,primary
4.2,4013,975,0.4471,0.269,-0.1781,0.0234,0.2544,41.5414,83.0026,2021,7,primary
4.3,4327,661,0.4618,0.2633,-0.1985,0.0307,0.3162,44.3576,86.4502,2021,7,primary
4.4,4327,661,0.4618,0.2633,-0.1985,0.0307,0.3162,44.3576,86.4502,2021,7,primary
4.5,4462,526,0.4706,0.2542,-0.2164,0.0341,0.3612,45.0491,87.9635,2021,7,primary
4.6,4601,387,0.4801,0.246,-0.2342,0.0393,0.416,46.1515,90.1183,2021,7,primary
4.7,4679,309,0.4863,0.2758,-0.2105,0.0438,0.4434,47.4444,91.5113,2021,7,primary
4.8,4809,179,0.4959,0.1973,-0.2986,0.0497,0.5754,48.0958,94.4077,2021,7,primary
4.9,4809,179,0.4959,0.1973,-0.2986,0.0497,0.5754,48.0958,94.4077,2021,7,primary
5,4845,143,0.5008,0.2237,-0.2771,0.0528,0.6014,48.5668,94.989,2021,7,primary
5.1,4884,104,0.5049,0.1458,-0.3591,0.0557,0.6731,49.0078,96.5173,2021,7,primary
5.2,4904,84,0.5081,0.2057,-0.3024,0.0581,0.6786,49.0078,96.5173,2021,7,primary
5.3,4938,50,0.5109,0.2196,-0.2913,0.0616,0.76,49.5991,96.7629,2021,7,primary
5.4,4938,50,0.5109,0.2196,-0.2913,0.0616,0.76,49.5991,96.7629,2021,7,primary
5.5,4955,33,0.5128,,,0.063,,49.5991,,2021,7,primary
2,529,4905,0.1079,0.4802,0.3722,0,0.0848,11.2971,54.9862,2022,8,primary
2.1,601,4833,0.1311,0.4732,0.3421,0,0.0861,11.8675,55.6026,2022,8,primary
2.2,652,4782,0.147,0.4693,0.3223,0,0.087,11.8675,55.6026,2022,8,primary
2.3,700,4734,0.1499,0.4649,0.315,0,0.0879,12.1987,56.1086,2022,8,primary
2.4,779,4655,0.1694,0.4588,0.2893,0,0.0894,12.8703,57.0929,2022,8,primary
2.5,843,4591,0.1814,0.4533,0.2719,0,0.0906,13.4223,57.5161,2022,8,primary
2.6,916,4518,0.192,0.4467,0.2547,0,0.0921,13.7167,58.0037,2022,8,primary
2.7,1030,4404,0.2331,0.4404,0.2072,0,0.0945,14.9954,59.0248,2022,8,primary
2.8,1117,4317,0.2317,0.432,0.2003,9e-04,0.0961,15.6026,59.5768,2022,8,primary
2.9,1211,4223,0.2501,0.4245,0.1744,8e-04,0.0983,16.7617,60.6348,2022,8,primary
3,1331,4103,0.2593,0.4144,0.1551,8e-04,0.1011,17.2309,61.2695,2022,8,primary
3.1,1529,3905,0.2849,0.4005,0.1157,0.002,0.1058,18.8868,63.1187,2022,8,primary
3.2,1725,3709,0.3137,0.3899,0.0762,0.0023,0.1111,20.874,64.701,2022,8,primary
3.3,1934,3500,0.3233,0.373,0.0497,0.0021,0.1177,22.2079,65.9338,2022,8,primary
3.4,2417,3017,0.3693,0.3524,-0.017,0.0037,0.1349,26.6421,69.632,2022,8,primary
3.5,2417,3017,0.3693,0.3524,-0.017,0.0037,0.1349,26.6421,69.632,2022,8,primary
3.6,2676,2758,0.3787,0.3373,-0.0414,0.0045,0.1465,28.3717,71.2144,2022,8,primary
3.7,2935,2499,0.3866,0.3155,-0.0711,0.0065,0.1589,30.4232,73.0543,2022,8,primary
3.8,3199,2235,0.4005,0.2998,-0.1007,0.0088,0.1736,32.1711,74.9218,2022,8,primary
3.9,3683,1751,0.4255,0.2635,-0.162,0.013,0.2102,36.2466,79.3468,2022,8,primary
4,3683,1751,0.4255,0.2635,-0.162,0.013,0.2102,36.2466,79.3468,2022,8,primary
4.1,3942,1492,0.432,0.225,-0.207,0.0173,0.2332,37.6725,80.7176,2022,8,primary
4.2,4121,1313,0.444,0.2102,-0.2338,0.0201,0.2536,39.4112,82.0239,2022,8,primary
4.3,4485,949,0.4684,0.175,-0.2934,0.0299,0.2972,42.2815,84.6918,2022,8,primary
4.4,4485,949,0.4684,0.175,-0.2934,0.0299,0.2972,42.2815,84.6918,2022,8,primary
4.5,4660,774,0.4807,0.1597,-0.321,0.0339,0.3333,43.9098,86.219,2022,8,primary
4.6,4845,589,0.4921,0.1422,-0.3499,0.0407,0.3718,45.1518,87.9945,2022,8,primary
4.7,4971,463,0.4995,0.1243,-0.3752,0.0465,0.3996,46.3201,88.9052,2022,8,primary
4.8,5187,247,0.5155,0.1319,-0.3836,0.0596,0.4332,48.0037,89.862,2022,8,primary
4.9,5187,247,0.5155,0.1319,-0.3836,0.0596,0.4332,48.0037,89.862,2022,8,primary
5,5239,195,0.5189,0.1466,-0.3724,0.062,0.4667,48.5557,90.9844,2022,8,primary
5.1,5284,150,0.5207,0.1321,-0.3886,0.0647,0.4933,48.5557,92.1895,2022,8,primary
5.2,5324,110,0.5232,0.1839,-0.3393,0.0674,0.5182,49.1904,93.2245,2022,8,primary
5.3,5374,60,0.5248,0.0688,-0.456,0.0702,0.65,49.4572,95.2484,2022,8,primary
5.4,5374,60,0.5248,0.0688,-0.456,0.0702,0.65,49.4572,95.2484,2022,8,primary
5.5,5386,48,0.5263,,,0.0713,,49.724,,2022,8,primary
2,303,6818,0.2118,0.5392,0.3274,0,0.2012,6.1991,51.9517,2018,3,istep_contrast
2.1,353,6768,0.1758,0.535,0.3592,0,0.2027,6.4659,52.8503,2018,3,istep_contrast
2.2,387,6734,0.1935,0.5331,0.3396,0,0.2037,6.7256,52.8503,2018,3,istep_contrast
2.3,457,6664,0.2332,0.5299,0.2967,0,0.2059,7.7787,52.8503,2018,3,istep_contrast
2.4,517,6604,0.2352,0.5259,0.2906,0,0.2078,8.0946,53.7349,2018,3,istep_contrast
2.5,615,6506,0.2254,0.5191,0.2937,0,0.2109,8.4457,54.5844,2018,3,istep_contrast
2.6,690,6431,0.2307,0.5148,0.2841,0,0.2133,9.1688,54.5844,2018,3,istep_contrast
2.7,804,6317,0.2426,0.5078,0.2653,0,0.2172,10.2148,55.4479,2018,3,istep_contrast
2.8,899,6222,0.2499,0.5026,0.2527,0,0.2205,10.7203,56.3044,2018,3,istep_contrast
2.9,1028,6093,0.2688,0.4954,0.2266,0,0.2252,11.7593,57.1118,2018,3,istep_contrast
3,1130,5991,0.2684,0.4899,0.2215,9e-04,0.2288,12.7282,58.0385,2018,3,istep_contrast
3.1,1308,5813,0.276,0.4796,0.2035,0.0015,0.2357,14.1147,59.1688,2018,3,istep_contrast
3.2,1508,5613,0.2866,0.469,0.1823,0.002,0.2439,15.5293,60.2921,2018,3,istep_contrast
3.3,1751,5370,0.2957,0.4572,0.1615,0.004,0.2542,16.7369,61.4083,2018,3,istep_contrast
3.4,2373,4748,0.3195,0.4199,0.1004,0.0076,0.2852,19.9382,65.1222,2018,3,istep_contrast
3.5,2373,4748,0.3195,0.4199,0.1004,0.0076,0.2852,19.9382,65.1222,2018,3,istep_contrast
3.6,2746,4375,0.3539,0.405,0.0511,0.0124,0.3058,22.7394,67.6636,2018,3,istep_contrast
3.7,3182,3939,0.3759,0.3854,0.0095,0.0192,0.3328,25.8214,69.9242,2018,3,istep_contrast
3.8,3586,3535,0.3985,0.3709,-0.0276,0.0276,0.3601,28.3628,72.1286,2018,3,istep_contrast
3.9,4471,2650,0.434,0.3233,-0.1107,0.0461,0.44,32.9823,77.0219,2018,3,istep_contrast
4,4471,2650,0.434,0.3233,-0.1107,0.0461,0.44,32.9823,77.0219,2018,3,istep_contrast
4.1,4911,2210,0.45,0.2992,-0.1508,0.0603,0.4869,35.7063,79.8301,2018,3,istep_contrast
4.2,5214,1907,0.4648,0.2871,-0.1777,0.0715,0.5239,37.665,81.5782,2018,3,istep_contrast
4.3,5800,1321,0.4903,0.2746,-0.2157,0.0997,0.6011,41.4631,85.1657,2018,3,istep_contrast
4.4,5800,1321,0.4903,0.2746,-0.2157,0.0997,0.6011,41.4631,85.1657,2018,3,istep_contrast
4.5,6045,1076,0.4977,0.2338,-0.2639,0.1102,0.6561,42.5021,87.1525,2018,3,istep_contrast
4.6,6282,839,0.5107,0.2185,-0.2922,0.1246,0.702,44.5521,88.6619,2018,3,istep_contrast
4.7,6461,660,0.5219,0.217,-0.3049,0.1376,0.7318,45.563,90.0309,2018,3,istep_contrast
4.8,6757,364,0.5366,0.1709,-0.3657,0.1591,0.8159,47.4445,92.4881,2018,3,istep_contrast
4.9,6757,364,0.5366,0.1709,-0.3657,0.1591,0.8159,47.4445,92.4881,2018,3,istep_contrast
5,6870,251,0.5439,0.1366,-0.4073,0.169,0.8406,48.3502,93.9553,2018,3,istep_contrast
5.1,6951,170,0.5491,0.1434,-0.4057,0.1765,0.8529,49.2769,94.4012,2018,3,istep_contrast
5.2,6996,125,0.5523,0.1538,-0.3986,0.1805,0.872,49.2769,95.0927,2018,3,istep_contrast
5.3,7062,59,0.5574,0.1434,-0.414,0.1866,0.9153,49.2769,96.3634,2018,3,istep_contrast
5.4,7062,59,0.5574,0.1434,-0.414,0.1866,0.9153,49.2769,96.3634,2018,3,istep_contrast
5.5,7084,37,0.559,,,0.1886,,49.2769,,2018,3,istep_contrast
2,203,7131,0.0067,0.5349,0.5282,0,0.2011,7.2256,51.6837,2019,4,ilearn_2019
2.1,221,7113,-0.0051,0.5332,0.5383,0,0.2016,6.7348,51.6837,2019,4,ilearn_2019
2.2,241,7093,0.0156,0.5317,0.5161,0,0.2022,7.2256,51.6837,2019,4,ilearn_2019
2.3,257,7077,0.0171,0.5303,0.5132,0,0.2026,7.2256,51.6837,2019,4,ilearn_2019
2.4,279,7055,0.0435,0.5289,0.4855,0,0.2033,7.4915,51.6837,2019,4,ilearn_2019
2.5,304,7030,0.0637,0.527,0.4634,0,0.204,7.7505,52.3449,2019,4,ilearn_2019
2.6,331,7003,0.0576,0.525,0.4674,0,0.2048,7.7505,52.3449,2019,4,ilearn_2019
2.7,365,6969,0.0892,0.5224,0.4332,0,0.2058,7.9823,52.3449,2019,4,ilearn_2019
2.8,408,6926,0.1253,0.5199,0.3947,0,0.207,8.2958,52.9925,2019,4,ilearn_2019
2.9,464,6870,0.1422,0.5161,0.3739,0,0.2087,8.9502,52.9925,2019,4,ilearn_2019
3,508,6826,0.1572,0.5132,0.356,0,0.2101,9.2911,53.4969,2019,4,ilearn_2019
3.1,619,6715,0.1534,0.5047,0.3514,0,0.2136,9.8569,54.0082,2019,4,ilearn_2019
3.2,697,6637,0.157,0.4989,0.3419,0,0.2161,10.6135,54.6012,2019,4,ilearn_2019
3.3,792,6542,0.1793,0.4931,0.3138,0,0.2192,10.9611,55.3238,2019,4,ilearn_2019
3.4,1018,6316,0.2031,0.4785,0.2754,0.001,0.2269,12.6108,56.7007,2019,4,ilearn_2019
3.5,1018,6316,0.2031,0.4785,0.2754,0.001,0.2269,12.6108,56.7007,2019,4,ilearn_2019
3.6,1177,6157,0.2184,0.4669,0.2485,0.0017,0.2326,13.2038,57.9277,2019,4,ilearn_2019
3.7,1381,5953,0.2495,0.4555,0.206,0.0022,0.2404,14.7853,59.0934,2019,4,ilearn_2019
3.8,1626,5708,0.2724,0.4402,0.1678,0.0037,0.2502,16.0395,60.1909,2019,4,ilearn_2019
3.9,2235,5099,0.3309,0.4146,0.0838,0.0103,0.2767,19.5706,64.0627,2019,4,ilearn_2019
4,2235,5099,0.3309,0.4146,0.0838,0.0103,0.2767,19.5706,64.0627,2019,4,ilearn_2019
4.1,2619,4715,0.3443,0.3928,0.0485,0.0141,0.2963,21.2883,66.469,2019,4,ilearn_2019
4.2,2942,4392,0.366,0.3796,0.0136,0.0184,0.3142,23.4833,67.7301,2019,4,ilearn_2019
4.3,3635,3699,0.3977,0.3564,-0.0413,0.0327,0.3555,27.7505,71.5337,2019,4,ilearn_2019
4.4,3635,3699,0.3977,0.3564,-0.0413,0.0327,0.3555,27.7505,71.5337,2019,4,ilearn_2019
4.5,4023,3311,0.4107,0.3391,-0.0716,0.0405,0.3839,30.0682,73.7082,2019,4,ilearn_2019
4.6,4498,2836,0.4258,0.3163,-0.1095,0.0509,0.4249,32.8289,76.2713,2019,4,ilearn_2019
4.7,4883,2451,0.4376,0.2989,-0.1387,0.0623,0.461,35.1397,78.2209,2019,4,ilearn_2019
4.8,5624,1710,0.4658,0.2634,-0.2024,0.09,0.5427,39.6592,82.5971,2019,4,ilearn_2019
4.9,5624,1710,0.4658,0.2634,-0.2024,0.09,0.5427,39.6592,82.5971,2019,4,ilearn_2019
5,5916,1418,0.4754,0.2345,-0.2408,0.1016,0.5874,40.8453,84.7103,2019,4,ilearn_2019
5.1,6167,1167,0.485,0.2088,-0.2762,0.1143,0.6247,42.4131,86.1282,2019,4,ilearn_2019
5.2,6339,995,0.4942,0.2012,-0.293,0.1248,0.6462,43.6401,87.2665,2019,4,ilearn_2019
5.3,6706,628,0.5114,0.1663,-0.3451,0.1472,0.7118,46.1213,90.0613,2019,4,ilearn_2019
5.4,6706,628,0.5114,0.1663,-0.3451,0.1472,0.7118,46.1213,90.0613,2019,4,ilearn_2019
5.5,6813,521,0.5181,0.1752,-0.3429,0.1549,0.7274,46.653,90.6953,2019,4,ilearn_2019
2,272,4991,0.0789,0.4778,0.3989,0,0.0785,10.1444,52.5741,2021,6,primary
2.1,339,4924,0.0702,0.4709,0.4007,0,0.0796,10.0209,53.144,2021,6,primary
2.2,402,4861,0.0885,0.4638,0.3753,0,0.0806,10.3913,53.7329,2021,6,primary
2.3,451,4812,0.1043,0.4591,0.3548,0,0.0815,11.2842,54.3028,2021,6,primary
2.4,534,4729,0.1324,0.4505,0.3181,0,0.0829,12.196,54.9392,2021,6,primary
2.5,603,4660,0.1448,0.4435,0.2987,0.0017,0.0839,12.5665,55.4996,2021,6,primary
2.6,665,4598,0.1587,0.4371,0.2784,0.0015,0.085,13.2789,56.3925,2021,6,primary
2.7,791,4472,0.1731,0.4239,0.2508,0.0013,0.0874,13.7538,56.9814,2021,6,primary
2.8,897,4366,0.2017,0.4153,0.2136,0.0011,0.0896,14.5612,58.3207,2021,6,primary
2.9,991,4272,0.219,0.407,0.1881,0.001,0.0915,15.2261,58.9191,2021,6,primary
3,1114,4149,0.2314,0.3959,0.1645,9e-04,0.0942,16.5464,59.8879,2021,6,primary
3.1,1347,3916,0.2554,0.3765,0.1212,0.0022,0.0993,18.0186,61.9111,2021,6,primary
3.2,1550,3713,0.2933,0.3669,0.0735,0.0039,0.104,20.2033,63.3454,2021,6,primary
3.3,1801,3462,0.3383,0.3597,0.0214,0.0056,0.1103,23.0908,65.1881,2021,6,primary
3.4,2426,2837,0.3759,0.3375,-0.0384,0.0078,0.1315,28.4859,69.4909,2021,6,primary
3.5,2426,2837,0.3759,0.3375,-0.0384,0.0078,0.1315,28.4859,69.4909,2021,6,primary
3.6,2776,2487,0.3814,0.3187,-0.0628,0.0101,0.1464,31.2405,71.913,2021,6,primary
3.7,3127,2136,0.39,0.3028,-0.0872,0.0125,0.1653,33.8241,74.753,2021,6,primary
3.8,3494,1769,0.3946,0.2763,-0.1183,0.0152,0.1916,36.2367,77.4601,2021,6,primary
3.9,4073,1190,0.426,0.2579,-0.1681,0.0226,0.2521,40.606,82.3803,2021,6,primary
4,4073,1190,0.426,0.2579,-0.1681,0.0226,0.2521,40.606,82.3803,2021,6,primary
4.1,4339,924,0.4373,0.2514,-0.1859,0.0304,0.2814,42.5437,84.6695,2021,6,primary
4.2,4512,751,0.4492,0.2774,-0.1718,0.0357,0.3076,43.769,85.8853,2021,6,primary
4.3,4797,466,0.4624,0.2642,-0.1982,0.0436,0.3927,45.8587,89.1052,2021,6,primary
4.4,4797,466,0.4624,0.2642,-0.1982,0.0436,0.3927,45.8587,89.1052,2021,6,primary
4.5,4892,371,0.4665,0.2557,-0.2108,0.0478,0.4259,46.5331,90.2166,2021,6,primary
4.6,4992,271,0.4739,0.2058,-0.2681,0.0515,0.4982,47.2074,92.4392,2021,6,primary
4.7,5053,210,0.4806,0.185,-0.2956,0.0548,0.5476,47.7869,93.8402,2021,6,primary
4.8,5161,102,0.4928,0.2695,-0.2234,0.0636,0.6275,48.9077,95.4787,2021,6,primary
4.9,5161,102,0.4928,0.2695,-0.2234,0.0636,0.6275,48.9077,95.4787,2021,6,primary
5,5189,74,0.4963,0.2464,-0.25,0.0657,0.6892,49.5251,96.2006,2021,6,primary
5.1,5212,51,0.4989,0.2771,-0.2217,0.0683,0.7059,49.5251,96.9225,2021,6,primary
5.2,5224,39,0.5002,,,0.0691,,49.5251,,2021,6,primary
5.3,5241,22,0.5028,,,0.0712,,49.5251,,2021,6,primary
5.4,5241,22,0.5028,,,0.0712,,49.5251,,2021,6,primary
5.5,5246,17,0.5037,,,0.0721,,50.0665,,2021,6,primary
2,473,5260,0.0709,0.4826,0.4117,0,0.0867,10.7865,53.8891,2022,7,primary
2.1,541,5192,0.0709,0.4759,0.405,0,0.0878,11.1005,54.8134,2022,7,primary
2.2,586,5147,0.0812,0.4714,0.3902,0,0.0886,11.5234,54.8134,2022,7,primary
2.3,639,5094,0.1116,0.4676,0.356,0,0.0895,12.2951,55.354,2022,7,primary
2.4,734,4999,0.1387,0.4588,0.3201,0,0.0912,12.9752,55.9993,2022,7,primary
2.5,800,4933,0.1523,0.4542,0.302,0.0013,0.0922,12.9752,56.5923,2022,7,primary
2.6,882,4851,0.1748,0.4483,0.2735,0.0011,0.0938,13.6379,57.0893,2022,7,primary
2.7,1017,4716,0.1977,0.4382,0.2405,0.002,0.0963,14.8151,58.5281,2022,7,primary
2.8,1119,4614,0.2099,0.4305,0.2206,0.0018,0.0984,15.3471,59.1123,2022,7,primary
2.9,1221,4512,0.2301,0.4242,0.1941,0.0016,0.1006,16.2714,59.6704,2022,7,primary
3,1349,4384,0.2644,0.4184,0.154,0.0022,0.1033,17.3614,60.8127,2022,7,primary
3.1,1596,4137,0.2864,0.4018,0.1153,0.0019,0.1095,19.0966,62.5654,2022,7,primary
3.2,1817,3916,0.3087,0.3913,0.0826,0.0028,0.1152,21.172,64.1175,2022,7,primary
3.3,2027,3706,0.3111,0.3751,0.064,0.003,0.1214,22.6805,65.7482,2022,7,primary
3.4,2579,3154,0.3544,0.3454,-0.009,0.0043,0.1411,26.8399,69.4367,2022,7,primary
3.5,2579,3154,0.3544,0.3454,-0.009,0.0043,0.1411,26.8399,69.4367,2022,7,primary
3.6,2870,2863,0.3707,0.3349,-0.0357,0.0066,0.1526,28.5403,71.3551,2022,7,primary
3.7,3216,2517,0.3855,0.3226,-0.0629,0.0087,0.17,31.1475,72.9683,2022,7,primary
3.8,3507,2226,0.3997,0.3106,-0.0891,0.0114,0.1869,33.2665,75.2354,2022,7,primary
3.9,4127,1606,0.4273,0.297,-0.1303,0.0196,0.2335,37.7224,79.4995,2022,7,primary
4,4127,1606,0.4273,0.297,-0.1303,0.0196,0.2335,37.7224,79.4995,2022,7,primary
4.1,4438,1295,0.4387,0.2787,-0.16,0.0228,0.2741,39.9198,82.316,2022,7,primary
4.2,4630,1103,0.4443,0.2578,-0.1864,0.0268,0.301,41.5155,83.7112,2022,7,primary
4.3,5017,716,0.4696,0.2556,-0.214,0.0385,0.3673,44.4977,88.106,2022,7,primary
4.4,5017,716,0.4696,0.2556,-0.214,0.0385,0.3673,44.4977,88.106,2022,7,primary
4.5,5148,585,0.4772,0.2435,-0.2337,0.0431,0.4,45.4569,89.3268,2022,7,primary
4.6,5292,441,0.4851,0.2163,-0.2687,0.048,0.458,46.6777,90.8528,2022,7,primary
4.7,5389,344,0.4922,0.2068,-0.2854,0.0525,0.5029,47.2968,92.2131,2022,7,primary
4.8,5546,187,0.5052,0.2942,-0.2111,0.0626,0.5829,48.4653,93.9309,2022,7,primary
4.9,5546,187,0.5052,0.2942,-0.2111,0.0626,0.5829,48.4653,93.9309,2022,7,primary
5,5591,142,0.5087,0.2728,-0.2359,0.0649,0.6549,48.9536,94.9773,2022,7,primary
5.1,5635,98,0.5136,0.3058,-0.2077,0.0687,0.7041,49.5814,96.0499,2022,7,primary
5.2,5648,85,0.5145,0.3495,-0.1651,0.0701,0.7059,49.5814,96.1284,2022,7,primary
5.3,5677,56,0.517,0.3023,-0.2147,0.0726,0.7857,49.5814,97.3361,2022,7,primary
5.4,5677,56,0.517,0.3023,-0.2147,0.0726,0.7857,49.5814,97.3361,2022,7,primary
5.5,5695,38,0.5192,,,0.0746,,49.5814,,2022,7,primary
2,701,5400,0.0938,0.4953,0.4015,0.0014,0.1026,11.4225,55.9243,2023,8,primary
2.1,766,5335,0.1019,0.4892,0.3873,0.0013,0.1038,11.824,55.9243,2023,8,primary
2.2,842,5259,0.1352,0.484,0.3487,0.0024,0.1052,12.1681,56.9403,2023,8,primary
2.3,905,5196,0.1555,0.4797,0.3242,0.0022,0.1064,12.5123,57.4648,2023,8,primary
2.4,1008,5093,0.1818,0.4713,0.2895,0.002,0.1086,13.3645,57.981,2023,8,primary
2.5,1093,5008,0.208,0.4644,0.2564,0.0018,0.1104,14.1593,58.4644,2023,8,primary
2.6,1187,4914,0.232,0.4602,0.2282,0.0034,0.1121,14.7329,59.4887,2023,8,primary
2.7,1317,4784,0.2369,0.4482,0.2114,0.003,0.1152,15.4376,60.1032,2023,8,primary
2.8,1417,4684,0.255,0.4426,0.1875,0.0028,0.1176,16.2652,61.1603,2023,8,primary
2.9,1546,4555,0.2752,0.4338,0.1586,0.0026,0.121,16.9862,61.7257,2023,8,primary
3,1689,4412,0.2928,0.4246,0.1318,0.0024,0.1249,18.158,62.8564,2023,8,primary
3.1,1925,4176,0.3102,0.4073,0.0971,0.0021,0.1319,19.9279,64.4625,2023,8,primary
3.2,2115,3986,0.3304,0.3952,0.0648,0.0019,0.1382,21.2471,65.6998,2023,8,primary
3.3,2339,3762,0.3483,0.38,0.0317,0.0038,0.1451,22.9187,67.6008,2023,8,primary
3.4,2575,3526,0.3688,0.3678,-0.001,0.0043,0.1543,24.3117,68.6742,2023,8,primary
3.5,2843,3258,0.3948,0.3602,-0.0346,0.006,0.1651,26.3602,70.7391,2023,8,primary
3.6,3153,2948,0.4045,0.342,-0.0625,0.0076,0.1801,28.5316,72.5418,2023,8,primary
3.7,3416,2685,0.4218,0.3407,-0.081,0.0105,0.1933,30.5637,74.2298,2023,8,primary
3.8,3715,2386,0.4287,0.3123,-0.1163,0.0113,0.215,32.8745,76.2455,2023,8,primary
3.9,4041,2060,0.4438,0.2963,-0.1475,0.0148,0.2403,34.9394,78.294,2023,8,primary
4,4348,1753,0.4548,0.2624,-0.1924,0.0191,0.2693,37.1108,80.8342,2023,8,primary
4.1,4648,1453,0.4728,0.2623,-0.2105,0.0254,0.3008,39.4871,82.6205,2023,8,primary
4.2,4890,1211,0.4825,0.2547,-0.2278,0.0311,0.3328,41.0193,84.7837,2023,8,primary
4.3,5309,792,0.5046,0.2594,-0.2452,0.0433,0.4104,44.0347,87.7663,2023,8,primary
4.4,5309,792,0.5046,0.2594,-0.2452,0.0433,0.4104,44.0347,87.7663,2023,8,primary
4.5,5463,638,0.512,0.2762,-0.2358,0.0496,0.4451,45.1409,89.0937,2023,8,primary
4.6,5659,442,0.5204,0.2386,-0.2818,0.0573,0.5226,46.7634,91.6585,2023,8,primary
4.7,5750,351,0.5251,0.2271,-0.298,0.0626,0.5556,47.1567,92.4369,2023,8,primary
4.8,5863,238,0.5329,0.1549,-0.378,0.0694,0.6218,48.1318,94.1986,2023,8,primary
4.9,5927,174,0.5381,0.1888,-0.3493,0.0746,0.6494,48.689,94.2888,2023,8,primary
5,5975,126,0.542,0.2035,-0.3386,0.0785,0.6825,48.689,95.7309,2023,8,primary
5.1,6014,87,0.5453,0.1761,-0.3692,0.082,0.7126,49.3445,96.411,2023,8,primary
5.2,6036,65,0.5475,0.2108,-0.3368,0.0842,0.7231,49.3445,97.6565,2023,8,primary
5.3,6052,49,0.5489,,,0.0858,,49.3445,,2023,8,primary
5.4,6069,32,0.5503,,,0.0872,,49.8935,,2023,8,primary
5.5,6076,25,0.5512,,,0.0882,,49.8935,,2023,8,primary
2,958,5849,0.1267,0.5093,0.3826,0,0.1007,13.2197,56.889,2024,7,primary
2.1,1067,5740,0.1361,0.501,0.3649,0,0.1026,13.631,57.9098,2024,7,primary
2.2,1150,5657,0.1441,0.4943,0.3502,9e-04,0.1039,13.9542,58.4166,2024,7,primary
2.3,1240,5567,0.1489,0.4866,0.3377,0.0016,0.1054,13.9542,58.9086,2024,7,primary
2.4,1360,5447,0.1723,0.4778,0.3056,0.0015,0.1078,14.5931,59.5035,2024,7,primary
2.5,1455,5352,0.2023,0.473,0.2707,0.0014,0.1097,15.2615,60.73,2024,7,primary
2.6,1584,5223,0.2216,0.464,0.2424,0.0013,0.1124,15.9298,61.2882,2024,7,primary
2.7,1746,5061,0.2478,0.4539,0.2061,0.0011,0.116,16.6863,62.2503,2024,7,primary
2.8,1849,4958,0.268,0.4496,0.1816,0.0011,0.1184,17.4207,62.7571,2024,7,primary
2.9,1981,4826,0.2814,0.4412,0.1598,0.001,0.1216,18.4122,64.0276,2024,7,primary
3,2121,4686,0.2928,0.4324,0.1395,9e-04,0.1253,19.3596,64.5417,2024,7,primary
3.1,2368,4439,0.3162,0.4125,0.0964,0.0013,0.132,20.788,66.275,2024,7,primary
3.2,2594,4213,0.3485,0.4021,0.0536,0.0015,0.1389,22.5397,67.5602,2024,7,primary
3.3,2846,3961,0.3652,0.3864,0.0212,0.0018,0.1474,24.0526,69.0364,2024,7,primary
3.4,3381,3426,0.3981,0.3497,-0.0485,0.0033,0.1687,27.2474,72.4001,2024,7,primary
3.5,3381,3426,0.3981,0.3497,-0.0485,0.0033,0.1687,27.2474,72.4001,2024,7,primary
3.6,3666,3141,0.4211,0.3454,-0.0758,0.0057,0.1808,29.01,73.7441,2024,7,primary
3.7,3951,2856,0.4342,0.3297,-0.1045,0.0076,0.1957,30.6992,75.5288,2024,7,primary
3.8,4273,2534,0.4507,0.3187,-0.1321,0.011,0.2139,32.6968,77.3281,2024,7,primary
3.9,4929,1878,0.479,0.2906,-0.1884,0.0191,0.2636,36.9345,81.3088,2024,7,primary
4,4929,1878,0.479,0.2906,-0.1884,0.0191,0.2636,36.9345,81.3088,2024,7,primary
4.1,5249,1558,0.491,0.2658,-0.2252,0.0215,0.3055,39.1157,83.0126,2024,7,primary
4.2,5490,1317,0.5044,0.2706,-0.2338,0.0281,0.3303,40.9298,84.79,2024,7,primary
4.3,5961,846,0.5247,0.2738,-0.2509,0.0416,0.4031,44.1246,88.139,2024,7,primary
4.4,5961,846,0.5247,0.2738,-0.2509,0.0416,0.4031,44.1246,88.139,2024,7,primary
4.5,6137,670,0.5308,0.2591,-0.2717,0.0473,0.4463,45.1014,89.6372,2024,7,primary
4.6,6309,498,0.5391,0.2566,-0.2825,0.0536,0.504,46.3572,91.4439,2024,7,primary
4.7,6402,405,0.544,0.237,-0.307,0.0573,0.5481,47.0035,92.4721,2024,7,primary
4.8,6602,205,0.5559,0.2435,-0.3124,0.0679,0.6878,48.3696,94.8076,2024,7,primary
4.9,6602,205,0.5559,0.2435,-0.3124,0.0679,0.6878,48.3696,94.8076,2024,7,primary
5,6657,150,0.5593,0.163,-0.3963,0.0711,0.7733,48.8543,95.6558,2024,7,primary
5.1,6704,103,0.5632,0.1707,-0.3925,0.0755,0.8058,49.2509,96.6069,2024,7,primary
5.2,6734,73,0.5657,0.1316,-0.4342,0.0784,0.8356,49.809,97.4809,2024,7,primary
5.3,6768,39,0.5684,,,0.0817,,49.809,,2024,7,primary
5.4,6768,39,0.5684,,,0.0817,,49.809,,2024,7,primary
5.5,6785,22,0.57,,,0.0837,,49.809,,2024,7,primary
2,1108,6056,0.0244,0.482,0.4576,9e-04,0.1167,17.6204,57.6343,2025,8,primary
2.1,1204,5960,0.0486,0.4788,0.4302,8e-04,0.1186,18.0042,58.1089,2025,8,primary
2.2,1297,5867,0.0713,0.4755,0.4041,8e-04,0.1205,18.4089,58.9323,2025,8,primary
2.3,1354,5810,0.0699,0.4725,0.4026,7e-04,0.1217,18.4089,58.9323,2025,8,primary
2.4,1468,5696,0.0781,0.4658,0.3877,7e-04,0.1241,18.6288,59.8953,2025,8,primary
2.5,1566,5598,0.0865,0.4613,0.3748,0.0013,0.1261,18.8486,60.314,2025,8,primary
2.6,1667,5497,0.095,0.4559,0.361,0.0012,0.1284,19.2184,60.7886,2025,8,primary
2.7,1817,5347,0.123,0.4512,0.3283,0.0022,0.1317,20.0279,61.7865,2025,8,primary
2.8,1921,5243,0.1362,0.4457,0.3095,0.0021,0.1343,20.4257,62.6936,2025,8,primary
2.9,2043,5121,0.1505,0.4411,0.2906,0.0029,0.1371,20.8514,63.1542,2025,8,primary
3,2180,4984,0.1629,0.4318,0.2688,0.0032,0.1407,21.6748,64.0056,2025,8,primary
3.1,2410,4754,0.1886,0.4198,0.2312,0.0041,0.1468,22.9379,65.6595,2025,8,primary
3.2,2605,4559,0.2008,0.4069,0.2061,0.0042,0.1529,23.8311,66.8528,2025,8,primary
3.3,2820,4344,0.2186,0.3924,0.1738,0.005,0.1598,24.6964,68.2135,2025,8,primary
3.4,3286,3878,0.2584,0.3634,0.1051,0.007,0.1766,26.8528,70.977,2025,8,primary
3.5,3286,3878,0.2584,0.3634,0.1051,0.007,0.1766,26.8528,70.977,2025,8,primary
3.6,3555,3609,0.2875,0.3522,0.0648,0.0087,0.1876,28.4997,72.6588,2025,8,primary
3.7,3846,3318,0.3155,0.343,0.0275,0.0114,0.2001,29.5534,73.7055,2025,8,primary
3.8,4119,3045,0.3348,0.3282,-0.0066,0.0136,0.2141,31.1514,75.4431,2025,8,primary
3.9,4730,2434,0.3748,0.2787,-0.096,0.018,0.256,34.7732,78.8137,2025,8,primary
4,4730,2434,0.3748,0.2787,-0.096,0.018,0.256,34.7732,78.8137,2025,8,primary
4.1,5072,2092,0.399,0.2552,-0.1438,0.0225,0.2839,36.776,80.8653,2025,8,primary
4.2,5317,1847,0.4148,0.2448,-0.17,0.0269,0.3059,38.395,81.626,2025,8,primary
4.3,5829,1335,0.4457,0.1989,-0.2468,0.0372,0.3678,41.4027,84.9337,2025,8,primary
4.4,5829,1335,0.4457,0.1989,-0.2468,0.0372,0.3678,41.4027,84.9337,2025,8,primary
4.5,6029,1135,0.4586,0.189,-0.2696,0.0436,0.3921,42.5262,86.2107,2025,8,primary
4.6,6276,888,0.475,0.1898,-0.2852,0.0531,0.4223,44.1661,87.5157,2025,8,primary
4.7,6455,709,0.4856,0.2142,-0.2714,0.061,0.4429,45.6595,88.3671,2025,8,primary
4.8,6769,395,0.5005,0.2193,-0.2813,0.0728,0.5443,47.4669,91.284,2025,8,primary
4.9,6769,395,0.5005,0.2193,-0.2813,0.0728,0.5443,47.4669,91.284,2025,8,primary
5,6867,297,0.5057,0.1808,-0.3248,0.0772,0.5993,47.9274,91.9051,2025,8,primary
5.1,6954,210,0.5115,0.2052,-0.3063,0.0833,0.6143,48.4508,92.4703,2025,8,primary
5.2,7013,151,0.5152,0.1437,-0.3715,0.0863,0.6821,49.1207,94.843,2025,8,primary
5.3,7082,82,0.5208,0.1734,-0.3474,0.0914,0.7439,49.1207,95.799,2025,8,primary
5.4,7082,82,0.5208,0.1734,-0.3474,0.0914,0.7439,49.1207,95.799,2025,8,primary
5.5,7101,63,0.5224,0.1745,-0.3479,0.0929,0.7619,49.686,96.3224,2025,8,primary
2,388,5337,0.0857,0.4652,0.3795,0,0.0808,9.8323,53.4666,2022,6,primary
2.1,442,5283,0.1179,0.4605,0.3426,0,0.0816,10.4873,54.0692,2022,6,primary
2.2,477,5248,0.1325,0.4574,0.3249,0,0.0821,10.8977,54.0692,2022,6,primary
2.3,524,5201,0.1238,0.4521,0.3283,0,0.0829,11.1858,54.6629,2022,6,primary
2.4,619,5106,0.1663,0.444,0.2776,0,0.0844,12.583,55.2567,2022,6,primary
2.5,686,5039,0.1837,0.4392,0.2555,0,0.0855,12.9759,55.7981,2022,6,primary
2.6,756,4969,0.1734,0.4309,0.2574,0,0.0867,13.3688,56.2958,2022,6,primary
2.7,862,4863,0.2097,0.4222,0.2125,0,0.0886,14.2508,57.2476,2022,6,primary
2.8,946,4779,0.2377,0.4179,0.1802,0,0.0902,14.8708,57.7541,2022,6,primary
2.9,1041,4684,0.2246,0.4068,0.1823,0,0.092,15.2288,58.4701,2022,6,primary
3,1162,4563,0.24,0.3958,0.1559,0,0.0945,16.5561,59.6926,2022,6,primary
3.1,1388,4337,0.2816,0.3795,0.0979,0,0.0994,18.4509,61.4565,2022,6,primary
3.2,1622,4103,0.2989,0.3641,0.0652,0,0.105,20.2585,62.7663,2022,6,primary
3.3,1854,3871,0.3157,0.3481,0.0324,0,0.1113,22.1184,64.4342,2022,6,primary
3.4,2497,3228,0.358,0.3243,-0.0337,0.0024,0.1317,26.5368,68.5732,2022,6,primary
3.5,2497,3228,0.358,0.3243,-0.0337,0.0024,0.1317,26.5368,68.5732,2022,6,primary
3.6,2824,2901,0.3618,0.3003,-0.0616,0.0035,0.1451,28.6413,71.1666,2022,6,primary
3.7,3169,2556,0.3791,0.2886,-0.0905,0.0069,0.16,31.3482,72.7384,2022,6,primary
3.8,3575,2150,0.3996,0.2793,-0.1204,0.0106,0.1828,34.4045,75.2445,2022,6,primary
3.9,4244,1481,0.4209,0.2473,-0.1736,0.0179,0.2397,39.5651,80.3964,2022,6,primary
4,4244,1481,0.4209,0.2473,-0.1736,0.0179,0.2397,39.5651,80.3964,2022,6,primary
4.1,4539,1186,0.4321,0.2337,-0.1984,0.0247,0.269,41.4251,82.6842,2022,6,primary
4.2,4726,999,0.4414,0.241,-0.2005,0.0298,0.2903,42.6039,83.9504,2022,6,primary
4.3,5158,567,0.4602,0.2041,-0.2561,0.0413,0.3845,45.6514,89.1635,2022,6,primary
4.4,5158,567,0.4602,0.2041,-0.2561,0.0413,0.3845,45.6514,89.1635,2022,6,primary
4.5,5301,424,0.4696,0.2185,-0.2511,0.0483,0.4127,46.6381,90.1982,2022,6,primary
4.6,5433,292,0.4796,0.2508,-0.2288,0.0545,0.4623,47.7646,91.3203,2022,6,primary
4.7,5520,205,0.4856,0.2679,-0.2176,0.058,0.5415,48.2798,93.7565,2022,6,primary
4.8,5635,90,0.4936,0.1969,-0.2967,0.065,0.7222,49.284,96.5596,2022,6,primary
4.9,5635,90,0.4936,0.1969,-0.2967,0.065,0.7222,49.284,96.5596,2022,6,primary
5,5665,60,0.497,0.3456,-0.1514,0.0685,0.7167,49.284,97.5768,2022,6,primary
5.1,5684,41,0.4989,,,0.0698,,49.8166,,2022,6,primary
5.2,5692,33,0.5,,,0.0708,,49.8166,,2022,6,primary
5.3,5708,17,0.5025,,,0.0732,,49.8166,,2022,6,primary
5.4,5708,17,0.5025,,,0.0732,,49.8166,,2022,6,primary
5.5,5711,14,0.503,,,0.0737,,49.8166,,2022,6,primary
2,681,5506,0.0694,0.4822,0.4128,0,0.0799,12.395,55.2279,2023,7,primary
2.1,757,5430,0.0959,0.4764,0.3806,0,0.081,13.0333,55.7692,2023,7,primary
2.2,824,5363,0.1035,0.4707,0.3672,0,0.082,13.4211,56.2864,2023,7,primary
2.3,887,5300,0.1143,0.4654,0.3511,0,0.083,13.4211,56.7631,2023,7,primary
2.4,992,5195,0.1484,0.4596,0.3112,0,0.0847,14.2776,57.9509,2023,7,primary
2.5,1089,5098,0.1792,0.4536,0.2744,0,0.0863,15.3523,58.5165,2023,7,primary
2.6,1171,5016,0.1858,0.447,0.2611,0,0.0877,15.7159,58.9609,2023,7,primary
2.7,1312,4875,0.196,0.4365,0.2405,8e-04,0.0901,16.5562,60.0598,2023,7,primary
2.8,1411,4776,0.2198,0.4314,0.2116,7e-04,0.0919,17.2673,60.5769,2023,7,primary
2.9,1526,4661,0.2355,0.4259,0.1903,0.0013,0.094,18.1319,61.5142,2023,7,primary
3,1650,4537,0.2525,0.419,0.1665,0.0012,0.0965,18.5278,62.1687,2023,7,primary
3.1,1905,4282,0.2905,0.4074,0.117,0.0016,0.1021,20.5802,63.9383,2023,7,primary
3.2,2148,4039,0.3014,0.3907,0.0894,0.0019,0.1079,22.2851,65.5624,2023,7,primary
3.3,2382,3805,0.3263,0.3809,0.0546,0.0021,0.1143,23.8122,67.2754,2023,7,primary
3.4,2650,3537,0.3383,0.3663,0.0279,0.0034,0.1219,25.8161,68.7056,2023,7,primary
3.5,2934,3253,0.3584,0.3586,2e-04,0.0048,0.131,27.3917,70.5882,2023,7,primary
3.6,3263,2924,0.3784,0.3542,-0.0242,0.0058,0.144,30.1228,72.5436,2023,7,primary
3.7,3579,2608,0.3913,0.3401,-0.0512,0.0084,0.1572,31.6823,74.6849,2023,7,primary
3.8,3929,2258,0.4007,0.3193,-0.0814,0.0104,0.1767,34.2841,76.6888,2023,7,primary
3.9,4264,1923,0.4158,0.3017,-0.1141,0.012,0.2023,36.3122,79.2663,2023,7,primary
4,4566,1621,0.4305,0.2797,-0.1508,0.0138,0.2326,38.405,81.1086,2023,7,primary
4.1,4830,1357,0.4429,0.2655,-0.1774,0.019,0.2564,39.9725,83.0802,2023,7,primary
4.2,5069,1118,0.4569,0.2618,-0.1951,0.0245,0.2826,41.8552,85.0517,2023,7,primary
4.3,5487,700,0.4821,0.2476,-0.2345,0.0348,0.3557,44.4813,88.6797,2023,7,primary
4.4,5487,700,0.4821,0.2476,-0.2345,0.0348,0.3557,44.4813,88.6797,2023,7,primary
4.5,5640,547,0.4912,0.2433,-0.2479,0.0392,0.4004,45.5721,90.0129,2023,7,primary
4.6,5792,395,0.4996,0.2319,-0.2677,0.0451,0.4532,46.8164,91.5805,2023,7,primary
4.7,5877,310,0.506,0.2486,-0.2574,0.0492,0.4871,47.3901,92.5178,2023,7,primary
4.8,5977,210,0.5128,0.1756,-0.3372,0.0535,0.5714,48.4648,94.0772,2023,7,primary
4.9,6030,157,0.5182,0.1664,-0.3518,0.0572,0.6051,48.9092,94.8933,2023,7,primary
5,6074,113,0.5221,0.1263,-0.3958,0.0604,0.646,48.9092,95.3943,2023,7,primary
5.1,6107,80,0.5253,0.0745,-0.4509,0.0629,0.7,49.3859,96.7316,2023,7,primary
5.2,6133,54,0.5281,-0.0276,-0.5557,0.0654,0.7222,49.3859,97.6002,2023,7,primary
5.3,6148,39,0.5295,,,0.0669,,49.9677,,2023,7,primary
5.4,6159,28,0.531,,,0.0682,,49.9677,,2023,7,primary
5.5,6170,17,0.5323,,,0.0694,,49.9677,,2023,7,primary
2,1070,5768,0.0967,0.4975,0.4008,0,0.1201,13.869,57.6473,2024,8,primary
2.1,1166,5672,0.097,0.4891,0.3922,0,0.1222,14.1687,58.4588,2024,8,primary
2.2,1243,5595,0.1132,0.4841,0.3709,0,0.1239,14.1687,58.8975,2024,8,primary
2.3,1330,5508,0.1188,0.4765,0.3577,0,0.1258,14.7536,59.3727,2024,8,primary
2.4,1452,5386,0.1355,0.4651,0.3297,0,0.1287,15.1557,60.2573,2024,8,primary
2.5,1538,5300,0.1611,0.4602,0.2991,0,0.1308,15.8137,60.8057,2024,8,primary
2.6,1630,5208,0.1895,0.454,0.2645,0,0.1331,16.2816,61.6611,2024,8,primary
2.7,1765,5073,0.2155,0.4453,0.2299,0,0.1366,17.2979,62.5603,2024,8,primary
2.8,1881,4957,0.243,0.4398,0.1968,5e-04,0.1396,18.124,63.0575,2024,8,primary
2.9,2021,4817,0.2688,0.4329,0.1641,5e-04,0.1437,18.877,64.0445,2024,8,primary
3,2138,4700,0.292,0.4276,0.1356,9e-04,0.147,19.5423,64.9145,2024,8,primary
3.1,2339,4499,0.3088,0.4122,0.1034,0.0013,0.1534,20.6828,66.15,2024,8,primary
3.2,2532,4306,0.3179,0.3966,0.0787,0.002,0.1598,21.8087,67.1663,2024,8,primary
3.3,2722,4116,0.3415,0.3863,0.0448,0.0033,0.1662,23.366,68.2848,2024,8,primary
3.4,3185,3653,0.3817,0.3577,-0.024,0.0053,0.1851,26.1807,71.085,2024,8,primary
3.5,3185,3653,0.3817,0.3577,-0.024,0.0053,0.1851,26.1807,71.085,2024,8,primary
3.6,3447,3391,0.398,0.3424,-0.0556,0.0073,0.197,27.7672,72.8542,2024,8,primary
3.7,3712,3126,0.4164,0.3267,-0.0897,0.0086,0.2115,29.679,74.3749,2024,8,primary
3.8,4018,2820,0.4361,0.3157,-0.1204,0.0117,0.2291,31.3862,76.1807,2024,8,primary
3.9,4686,2152,0.4678,0.2908,-0.177,0.0201,0.2783,35.9336,79.6023,2024,8,primary
4,4686,2152,0.4678,0.2908,-0.177,0.0201,0.2783,35.9336,79.6023,2024,8,primary
4.1,5010,1828,0.4809,0.2824,-0.1985,0.0263,0.3069,37.9515,81.664,2024,8,primary
4.2,5232,1606,0.4894,0.2845,-0.2049,0.0321,0.3269,39.3771,82.6656,2024,8,primary
4.3,5720,1118,0.5087,0.2646,-0.2441,0.0435,0.3971,42.6524,85.9336,2024,8,primary
4.4,5720,1118,0.5087,0.2646,-0.2441,0.0435,0.3971,42.6524,85.9336,2024,8,primary
4.5,5898,940,0.5144,0.2586,-0.2558,0.0492,0.4287,43.6248,87.2423,2024,8,primary
4.6,6145,693,0.5244,0.2287,-0.2957,0.0573,0.4921,45.1601,89.516,2024,8,primary
4.7,6277,561,0.5302,0.2202,-0.31,0.0632,0.5276,46.2787,90.6054,2024,8,primary
4.8,6535,303,0.5441,0.2037,-0.3405,0.0771,0.6238,48.026,93.5371,2024,8,primary
4.9,6535,303,0.5441,0.2037,-0.3405,0.0771,0.6238,48.026,93.5371,2024,8,primary
5,6606,232,0.5478,0.1541,-0.3937,0.0813,0.6724,48.4866,94.6447,2024,8,primary
5.1,6671,167,0.5517,0.1111,-0.4406,0.0862,0.7066,48.9911,95.6646,2024,8,primary
5.2,6720,118,0.5559,0.0941,-0.4618,0.0906,0.7119,48.9911,95.8912,2024,8,primary
5.3,6773,65,0.5607,0.1429,-0.4177,0.0951,0.7538,49.4955,96.2641,2024,8,primary
5.4,6773,65,0.5607,0.1429,-0.4177,0.0951,0.7538,49.4955,96.2641,2024,8,primary
5.5,6789,49,0.562,,,0.0966,,49.4955,,2024,8,primary
2,440,7233,0.144,0.5257,0.3817,0.0023,0.263,9.7667,52.8799,2019,3,ilearn_2019
2.1,501,7172,0.1397,0.5217,0.382,0.002,0.2652,10.0925,53.5119,2019,3,ilearn_2019
2.2,541,7132,0.1208,0.5185,0.3977,0.0018,0.2667,10.0925,53.5119,2019,3,ilearn_2019
2.3,614,7059,0.1551,0.5151,0.36,0.0033,0.2693,10.3857,54.1504,2019,3,ilearn_2019
2.4,676,6997,0.1794,0.5128,0.3334,0.0044,0.2715,10.9135,54.1504,2019,3,ilearn_2019
2.5,787,6886,0.2045,0.5075,0.303,0.0038,0.2759,11.6041,55.2124,2019,3,ilearn_2019
2.6,883,6790,0.2043,0.5023,0.298,0.0045,0.2797,12.2557,55.8379,2019,3,ilearn_2019
2.7,994,6679,0.2155,0.4976,0.2821,0.006,0.284,12.803,56.4764,2019,3,ilearn_2019
2.8,1078,6595,0.2035,0.4918,0.2883,0.0056,0.2876,12.9854,56.4764,2019,3,ilearn_2019
2.9,1190,6483,0.1956,0.4843,0.2887,0.0059,0.2925,13.3568,57.1345,2019,3,ilearn_2019
3,1279,6394,0.2028,0.4793,0.2764,0.0055,0.2965,13.7412,57.7925,2019,3,ilearn_2019
3.1,1450,6223,0.2265,0.471,0.2445,0.0048,0.3047,14.5296,59.1347,2019,3,ilearn_2019
3.2,1646,6027,0.2569,0.4633,0.2064,0.0055,0.3143,15.6437,59.8124,2019,3,ilearn_2019
3.3,1888,5785,0.2685,0.4506,0.1821,0.0074,0.3265,17.1684,61.2718,2019,3,ilearn_2019
3.4,2490,5183,0.3022,0.4196,0.1175,0.0108,0.362,20.6216,64.8944,2019,3,ilearn_2019
3.5,2490,5183,0.3022,0.4196,0.1175,0.0108,0.362,20.6216,64.8944,2019,3,ilearn_2019
3.6,2867,4806,0.336,0.4089,0.0728,0.0192,0.3845,22.674,66.8296,2019,3,ilearn_2019
3.7,3196,4477,0.3541,0.3989,0.0449,0.0278,0.4052,24.9088,68.6083,2019,3,ilearn_2019
3.8,3635,4038,0.3743,0.3824,0.0081,0.0374,0.4376,27.0133,71.3253,2019,3,ilearn_2019
3.9,4528,3145,0.4121,0.3579,-0.0542,0.0647,0.5119,32.128,76.036,2019,3,ilearn_2019
4,4528,3145,0.4121,0.3579,-0.0542,0.0647,0.5119,32.128,76.036,2019,3,ilearn_2019
4.1,4994,2679,0.4267,0.3382,-0.0885,0.0805,0.5603,34.6625,78.4467,2019,3,ilearn_2019
4.2,5295,2378,0.4316,0.312,-0.1195,0.0908,0.598,35.9656,80.2059,2019,3,ilearn_2019
4.3,5896,1777,0.4549,0.2705,-0.1844,0.1214,0.668,39.067,83.5679,2019,3,ilearn_2019
4.4,5896,1777,0.4549,0.2705,-0.1844,0.1214,0.668,39.067,83.5679,2019,3,ilearn_2019
4.5,6177,1496,0.4664,0.2316,-0.2348,0.136,0.7106,41.0412,85.288,2019,3,ilearn_2019
4.6,6444,1229,0.4827,0.2282,-0.2545,0.1547,0.7372,42.3247,86.7866,2019,3,ilearn_2019
4.7,6713,960,0.4963,0.201,-0.2954,0.1718,0.7812,44.2077,88.5848,2019,3,ilearn_2019
4.8,7078,595,0.5177,0.1661,-0.3516,0.1999,0.8202,46.0451,90.6046,2019,3,ilearn_2019
4.9,7078,595,0.5177,0.1661,-0.3516,0.1999,0.8202,46.0451,90.6046,2019,3,ilearn_2019
5,7238,435,0.526,0.1011,-0.4249,0.2115,0.8552,47.3808,91.6667,2019,3,ilearn_2019
5.1,7367,306,0.5348,0.0923,-0.4425,0.2225,0.8627,47.8694,92.2531,2019,3,ilearn_2019
5.2,7422,251,0.538,0.0612,-0.4768,0.2269,0.8725,48.3255,92.8395,2019,3,ilearn_2019
5.3,7540,133,0.5463,0.1965,-0.3498,0.2371,0.8647,48.8663,93.4324,2019,3,ilearn_2019
5.4,7540,133,0.5463,0.1965,-0.3498,0.2371,0.8647,48.8663,93.4324,2019,3,ilearn_2019
5.5,7579,94,0.5479,0.1339,-0.414,0.2399,0.9043,49.4983,95.0482,2019,3,ilearn_2019
2,270,5915,0.0539,0.4949,0.441,0,0.0948,10.4833,52.247,2021,5,primary
2.1,312,5873,0.0659,0.4914,0.4254,0,0.0955,10.6612,52.247,2021,5,primary
2.2,338,5847,0.0792,0.4893,0.4101,0,0.0959,10.8228,52.8371,2021,5,primary
2.3,368,5817,0.08,0.4868,0.4067,0,0.0964,10.9845,52.8371,2021,5,primary
2.4,402,5783,0.0386,0.4827,0.4441,0,0.097,10.6612,53.4513,2021,5,primary
2.5,440,5745,0.0407,0.479,0.4383,0,0.0977,10.6612,53.4513,2021,5,primary
2.6,481,5704,0.0711,0.4758,0.4046,0,0.0984,10.9845,54.0171,2021,5,primary
2.7,534,5651,0.094,0.4715,0.3775,0,0.0993,10.9845,54.5829,2021,5,primary
2.8,590,5595,0.078,0.4652,0.3872,0,0.1003,10.9845,54.5829,2021,5,primary
2.9,635,5550,0.0768,0.4605,0.3837,0,0.1011,10.9845,55.0921,2021,5,primary
3,687,5498,0.0976,0.4559,0.3583,0,0.102,11.3401,55.5529,2021,5,primary
3.1,792,5393,0.1384,0.4494,0.311,0,0.104,12.2131,56.1187,2021,5,primary
3.2,867,5318,0.1618,0.4435,0.2817,0.0012,0.1053,12.8354,56.6602,2021,5,primary
3.3,967,5218,0.1895,0.4366,0.2471,0.001,0.1073,13.773,57.2017,2021,5,primary
3.4,1253,4932,0.2413,0.4149,0.1736,8e-04,0.1135,16.3029,59.5377,2021,5,primary
3.5,1253,4932,0.2413,0.4149,0.1736,8e-04,0.1135,16.3029,59.5377,2021,5,primary
3.6,1445,4740,0.2557,0.4004,0.1447,0.0021,0.1177,17.3133,61.0653,2021,5,primary
3.7,1660,4525,0.2797,0.3879,0.1083,0.0024,0.1231,18.7439,62.1322,2021,5,primary
3.8,1895,4290,0.3107,0.3782,0.0674,0.0032,0.1294,20.1746,63.7811,2021,5,primary
3.9,2483,3702,0.3532,0.3583,0.0051,0.0056,0.1478,24.9515,66.9657,2021,5,primary
4,2483,3702,0.3532,0.3583,0.0051,0.0056,0.1478,24.9515,66.9657,2021,5,primary
4.1,2814,3371,0.3573,0.3412,-0.0161,0.0064,0.1611,27.0934,69.2127,2021,5,primary
4.2,3071,3114,0.3703,0.3352,-0.0351,0.0078,0.1724,28.8474,70.6272,2021,5,primary
4.3,3605,2580,0.3853,0.3084,-0.0768,0.0125,0.2,32.0967,73.9654,2021,5,primary
4.4,3605,2580,0.3853,0.3084,-0.0768,0.0125,0.2,32.0967,73.9654,2021,5,primary
4.5,3877,2308,0.3934,0.2922,-0.1013,0.0162,0.2158,33.7375,75.3071,2021,5,primary
4.6,4228,1957,0.4071,0.2724,-0.1347,0.0208,0.2417,36.4048,78.0068,2021,5,primary
4.7,4481,1704,0.4138,0.2395,-0.1743,0.0243,0.2653,37.7304,80.173,2021,5,primary
4.8,4922,1263,0.4417,0.2283,-0.2134,0.0354,0.3064,41.0039,83.0747,2021,5,primary
4.9,4922,1263,0.4417,0.2283,-0.2134,0.0354,0.3064,41.0039,83.0747,2021,5,primary
5,5126,1059,0.4503,0.207,-0.2432,0.041,0.3314,42.0385,84.7155,2021,5,primary
5.1,5328,857,0.4596,0.1964,-0.2633,0.0477,0.3582,43.8733,86.235,2021,5,primary
5.2,5445,740,0.4641,0.1641,-0.3,0.0507,0.3851,44.5037,87.108,2021,5,primary
5.3,5689,496,0.4822,0.2095,-0.2726,0.0628,0.4113,46.1526,87.6374,2021,5,primary
5.4,5689,496,0.4822,0.2095,-0.2726,0.0628,0.4113,46.1526,87.6374,2021,5,primary
5.5,5807,378,0.4885,0.1835,-0.305,0.0673,0.4497,47.2276,89.1853,2021,5,primary
2,302,7166,0.0736,0.5366,0.4631,0,0.1707,9.9411,52.2828,2021,4,primary
2.1,335,7133,0.0701,0.5344,0.4644,0,0.1715,10.3227,52.2828,2021,4,primary
2.2,370,7098,0.0843,0.5329,0.4486,0,0.1723,10.6641,52.2828,2021,4,primary
2.3,408,7060,0.1122,0.5316,0.4193,0,0.1732,10.9787,52.9455,2021,4,primary
2.4,460,7008,0.1117,0.5289,0.4172,0,0.1745,11.2867,52.9455,2021,4,primary
2.5,509,6959,0.1163,0.5266,0.4103,0,0.1757,11.7419,53.548,2021,4,primary
2.6,565,6903,0.118,0.523,0.405,0,0.1772,12.0632,53.548,2021,4,primary
2.7,616,6852,0.1168,0.5199,0.4031,0,0.1785,12.0632,54.1103,2021,4,primary
2.8,674,6794,0.0994,0.5154,0.4161,0,0.18,12.0632,54.666,2021,4,primary
2.9,738,6730,0.0924,0.5113,0.4189,0,0.1817,12.2573,54.666,2021,4,primary
3,797,6671,0.0912,0.5071,0.416,0,0.1833,12.8197,55.2149,2021,4,primary
3.1,929,6539,0.1132,0.4992,0.386,0.0011,0.1869,13.6297,56.2391,2021,4,primary
3.2,1043,6425,0.1259,0.4919,0.366,0.001,0.1902,14.0179,56.8215,2021,4,primary
3.3,1166,6302,0.1313,0.4834,0.3521,9e-04,0.1939,14.4129,57.8324,2021,4,primary
3.4,1493,5975,0.1886,0.4663,0.2778,0.0013,0.2044,16.1467,59.8474,2021,4,primary
3.5,1493,5975,0.1886,0.4663,0.2778,0.0013,0.2044,16.1467,59.8474,2021,4,primary
3.6,1742,5726,0.2212,0.4536,0.2323,0.0017,0.2131,17.3584,61.0055,2021,4,primary
3.7,1974,5494,0.2455,0.4421,0.1966,0.0015,0.2221,18.5232,62.5586,2021,4,primary
3.8,2280,5188,0.2774,0.4304,0.1531,0.0031,0.2344,20.3106,63.951,2021,4,primary
3.9,3006,4462,0.3262,0.3965,0.0704,0.009,0.268,23.718,68.0546,2021,4,primary
4,3006,4462,0.3262,0.3965,0.0704,0.009,0.268,23.718,68.0546,2021,4,primary
4.1,3444,4024,0.3521,0.3721,0.02,0.0134,0.2925,26.369,70.9934,2021,4,primary
4.2,3728,3740,0.3677,0.3541,-0.0136,0.015,0.312,27.7547,72.2921,2021,4,primary
4.3,4397,3071,0.4033,0.3191,-0.0842,0.0257,0.3614,31.5839,76.0744,2021,4,primary
4.4,4397,3071,0.4033,0.3191,-0.0842,0.0257,0.3614,31.5839,76.0744,2021,4,primary
4.5,4688,2780,0.417,0.3036,-0.1134,0.032,0.386,33.0767,77.8351,2021,4,primary
4.6,5102,2366,0.4386,0.2882,-0.1504,0.0433,0.4235,35.4867,79.5622,2021,4,primary
4.7,5395,2073,0.4528,0.2726,-0.1802,0.0523,0.4539,37.5619,81.3362,2021,4,primary
4.8,5928,1540,0.4776,0.2485,-0.2291,0.0717,0.5182,40.6078,84.2784,2021,4,primary
4.9,5928,1540,0.4776,0.2485,-0.2291,0.0717,0.5182,40.6078,84.2784,2021,4,primary
5,6144,1324,0.4863,0.2479,-0.2385,0.0817,0.5446,41.7727,85.6005,2021,4,primary
5.1,6389,1079,0.4958,0.2188,-0.277,0.0919,0.5894,43.2789,87.4013,2021,4,primary
5.2,6513,955,0.5007,0.2055,-0.2952,0.0975,0.6157,44.0822,88.5326,2021,4,primary
5.3,6811,657,0.516,0.1966,-0.3194,0.1153,0.6667,46.0637,89.7644,2021,4,primary
5.4,6811,657,0.516,0.1966,-0.3194,0.1153,0.6667,46.0637,89.7644,2021,4,primary
5.5,6900,568,0.5199,0.1945,-0.3253,0.1207,0.6866,46.5792,90.3836,2021,4,primary
2,553,5590,0.0428,0.4829,0.4401,0.0018,0.085,10.8561,54.1341,2023,6,primary
2.1,633,5510,0.0655,0.4758,0.4103,0.0016,0.0862,11.1898,54.891,2023,6,primary
2.2,688,5455,0.0714,0.4702,0.3988,0.0015,0.0871,11.5153,55.5501,2023,6,primary
2.3,756,5387,0.1055,0.4652,0.3597,0.0013,0.0882,11.8571,56.0059,2023,6,primary
2.4,852,5291,0.1196,0.4557,0.3361,0.0012,0.0898,12.207,56.543,2023,6,primary
2.5,928,5215,0.1543,0.4502,0.2959,0.0011,0.0911,13.1266,57.1289,2023,6,primary
2.6,1018,5125,0.1643,0.4421,0.2778,0.001,0.0927,13.1266,58.1136,2023,6,primary
2.7,1148,4995,0.1796,0.4296,0.25,9e-04,0.0951,13.8672,58.8135,2023,6,primary
2.8,1246,4897,0.2139,0.4242,0.2103,0.0024,0.0966,14.6484,59.4971,2023,6,primary
2.9,1390,4753,0.2259,0.4093,0.1833,0.0022,0.0995,15.4989,60.8236,2023,6,primary
3,1525,4618,0.2457,0.3969,0.1512,0.0026,0.1022,16.4062,61.3932,2023,6,primary
3.1,1764,4379,0.2965,0.3852,0.0887,0.0045,0.1069,18.7826,63.1429,2023,6,primary
3.2,1984,4159,0.3262,0.3743,0.048,0.005,0.112,20.6624,64.4206,2023,6,primary
3.3,2267,3876,0.3367,0.3545,0.0178,0.0057,0.1195,22.5423,66.1784,2023,6,primary
3.4,2592,3551,0.3682,0.3431,-0.0251,0.0066,0.1293,24.6745,68.2129,2023,6,primary
3.5,2899,3244,0.3844,0.3237,-0.0607,0.0072,0.1403,27.0915,70.3206,2023,6,primary
3.6,3250,2893,0.4012,0.3043,-0.0969,0.0089,0.1545,29.6387,72.64,2023,6,primary
3.7,3581,2562,0.4162,0.2943,-0.1218,0.0123,0.1686,31.9417,74.2676,2023,6,primary
3.8,3964,2179,0.4306,0.2818,-0.1488,0.0161,0.1891,34.3831,76.709,2023,6,primary
3.9,4315,1828,0.4386,0.2588,-0.1797,0.0213,0.2101,36.8896,78.7272,2023,6,primary
4,4711,1432,0.4576,0.2632,-0.1944,0.0295,0.2353,39.5996,81.7627,2023,6,primary
4.1,5029,1114,0.4699,0.2592,-0.2108,0.0328,0.2792,41.9759,84.1146,2023,6,primary
4.2,5230,913,0.4785,0.2692,-0.2093,0.0359,0.3154,43.6198,85.026,2023,6,primary
4.3,5634,509,0.4938,0.2219,-0.2719,0.0461,0.4244,46.5739,89.7949,2023,6,primary
4.4,5634,509,0.4938,0.2219,-0.2719,0.0461,0.4244,46.5739,89.7949,2023,6,primary
4.5,5757,386,0.4991,0.1883,-0.3108,0.0512,0.4689,47.1761,91.1784,2023,6,primary
4.6,5885,258,0.5076,0.198,-0.3096,0.0588,0.5039,48.112,92.513,2023,6,primary
4.7,5959,184,0.513,0.2103,-0.3028,0.0629,0.5489,48.7386,94.2993,2023,6,primary
4.8,6031,112,0.5183,0.2039,-0.3143,0.0681,0.5804,49.292,95.0195,2023,6,primary
4.9,6068,75,0.5218,0.2426,-0.2792,0.071,0.6,49.292,97.168,2023,6,primary
5,6091,52,0.5237,0.2481,-0.2756,0.0726,0.6538,49.7721,97.9655,2023,6,primary
5.1,6115,28,0.5263,,,0.0744,,49.7721,,2023,6,primary
5.2,6123,20,0.527,,,0.075,,49.7721,,2023,6,primary
5.3,6131,12,0.528,,,0.0758,,49.7721,,2023,6,primary
5.4,6134,,0.5284,,,0.0761,,49.7721,,2023,6,primary
5.5,6136,,0.5287,,,0.0764,,49.7721,,2023,6,primary
2,448,6374,0.0869,0.5204,0.4335,0,0.1297,8.9184,53.2537,2022,5,primary
2.1,476,6346,0.0699,0.5175,0.4476,0,0.1303,8.6765,53.5542,2022,5,primary
2.2,512,6310,0.1044,0.5151,0.4107,0,0.1311,9.1455,53.5542,2022,5,primary
2.3,546,6276,0.1205,0.5128,0.3922,0,0.1318,9.4313,54.0451,2022,5,primary
2.4,596,6226,0.1481,0.5099,0.3618,0.0017,0.1327,9.7245,54.4995,2022,5,primary
2.5,637,6185,0.1564,0.5064,0.35,0.0016,0.1335,10.0689,54.4995,2022,5,primary
2.6,691,6131,0.1629,0.5023,0.3393,0.0014,0.1347,10.0689,54.9758,2022,5,primary
2.7,745,6077,0.1594,0.4971,0.3377,0.0013,0.1359,10.4499,55.4521,2022,5,primary
2.8,802,6020,0.1721,0.4924,0.3203,0.0012,0.1372,10.9702,56.0091,2022,5,primary
2.9,848,5974,0.1818,0.4889,0.307,0.0012,0.1383,10.9702,56.0091,2022,5,primary
3,909,5913,0.1872,0.4832,0.2961,0.0011,0.1397,11.344,56.4854,2022,5,primary
3.1,1012,5810,0.2005,0.4746,0.274,0.001,0.1422,12.0988,57.5187,2022,5,primary
3.2,1095,5727,0.2282,0.4708,0.2425,9e-04,0.1442,12.4066,58.1489,2022,5,primary
3.3,1196,5626,0.2485,0.4643,0.2159,0.0017,0.1466,13.689,58.7132,2022,5,primary
3.4,1484,5338,0.2864,0.4444,0.158,0.002,0.1544,15.6163,60.3254,2022,5,primary
3.5,1484,5338,0.2864,0.4444,0.158,0.002,0.1544,15.6163,60.3254,2022,5,primary
3.6,1676,5146,0.3037,0.4318,0.1281,0.0018,0.1601,16.9574,61.366,2022,5,primary
3.7,1887,4935,0.3219,0.4163,0.0944,0.0021,0.1668,18.2984,63.0441,2022,5,primary
3.8,2138,4684,0.3387,0.3997,0.061,0.0019,0.1757,19.3097,64.583,2022,5,primary
3.9,2709,4113,0.3675,0.3623,-0.0052,0.0081,0.1957,23.1057,68.1958,2022,5,primary
4,2709,4113,0.3675,0.3623,-0.0052,0.0081,0.1957,23.1057,68.1958,2022,5,primary
4.1,3044,3778,0.3967,0.3477,-0.049,0.0112,0.2099,25.033,69.7714,2022,5,primary
4.2,3308,3514,0.4167,0.3371,-0.0796,0.0121,0.224,27.0775,71.7793,2022,5,primary
4.3,3887,2935,0.4361,0.3034,-0.1326,0.0183,0.2576,30.5144,74.9011,2022,5,primary
4.4,3887,2935,0.4361,0.3034,-0.1326,0.0183,0.2576,30.5144,74.9011,2022,5,primary
4.5,4179,2643,0.4507,0.2963,-0.1544,0.023,0.2766,32.8888,76.6891,2022,5,primary
4.6,4553,2269,0.4658,0.2918,-0.174,0.0303,0.3037,34.9406,78.0155,2022,5,primary
4.7,4820,2002,0.4718,0.2774,-0.1944,0.0357,0.3272,36.8606,79.8183,2022,5,primary
4.8,5320,1502,0.4878,0.2681,-0.2197,0.0485,0.3788,40.1656,82.6249,2022,5,primary
4.9,5320,1502,0.4878,0.2681,-0.2197,0.0485,0.3788,40.1656,82.6249,2022,5,primary
5,5536,1286,0.4943,0.2506,-0.2436,0.0538,0.4114,41.3454,84.2225,2022,5,primary
5.1,5739,1083,0.4996,0.2145,-0.2851,0.0587,0.4524,42.4667,86.0838,2022,5,primary
5.2,5885,937,0.507,0.213,-0.294,0.0644,0.4781,43.4486,87.1318,2022,5,primary
5.3,6159,663,0.5201,0.1851,-0.3349,0.0763,0.5385,45.7057,89.6013,2022,5,primary
5.4,6159,663,0.5201,0.1851,-0.3349,0.0763,0.5385,45.7057,89.6013,2022,5,primary
5.5,6309,513,0.5262,0.1466,-0.3797,0.0835,0.5848,46.7903,90.6859,2022,5,primary
2,621,7228,0.0673,0.514,0.4467,0,0.1934,13.1083,53.6306,2021,3,primary
2.1,700,7149,0.071,0.51,0.439,0,0.1956,13.4777,54.1783,2021,3,primary
2.2,766,7083,0.0557,0.5056,0.4499,0,0.1974,13.8344,54.6688,2021,3,primary
2.3,859,6990,0.0738,0.501,0.4272,0,0.2,13.8344,55.2038,2021,3,primary
2.4,947,6902,0.0679,0.4954,0.4275,0,0.2025,13.8344,55.828,2021,3,primary
2.5,1060,6789,0.0966,0.4905,0.3939,0,0.2059,14.5127,56.8153,2021,3,primary
2.6,1173,6676,0.126,0.486,0.36,9e-04,0.2093,15.6943,57.3885,2021,3,primary
2.7,1347,6502,0.147,0.4773,0.3304,7e-04,0.2149,16.6815,58.5287,2021,3,primary
2.8,1477,6372,0.1506,0.4699,0.3193,7e-04,0.2192,16.6815,59.0955,2021,3,primary
2.9,1664,6185,0.193,0.465,0.272,0.0012,0.2257,18.3822,60.1338,2021,3,primary
3,1821,6028,0.2058,0.4594,0.2537,0.0022,0.2313,18.8917,61.1529,2021,3,primary
3.1,2027,5822,0.2196,0.4507,0.2312,0.0025,0.2393,19.4522,62.4459,2021,3,primary
3.2,2264,5585,0.2403,0.4454,0.2051,0.0044,0.2485,21.051,63.414,2021,3,primary
3.3,2533,5316,0.2447,0.4318,0.1871,0.0067,0.2598,22.0828,64.9682,2021,3,primary
3.4,3200,4649,0.2938,0.4066,0.1129,0.0103,0.2936,25.465,68.6115,2021,3,primary
3.5,3200,4649,0.2938,0.4066,0.1129,0.0103,0.2936,25.465,68.6115,2021,3,primary
3.6,3589,4260,0.3127,0.3882,0.0755,0.012,0.3181,27,70.5541,2021,3,primary
3.7,3983,3866,0.3301,0.3667,0.0367,0.0158,0.3453,29.1656,72.8599,2021,3,primary
3.8,4402,3447,0.3562,0.3496,-0.0065,0.0241,0.3748,30.9682,75.2102,2021,3,primary
3.9,5241,2608,0.4006,0.3156,-0.0849,0.0439,0.4479,35.4713,79.4841,2021,3,primary
4,5241,2608,0.4006,0.3156,-0.0849,0.0439,0.4479,35.4713,79.4841,2021,3,primary
4.1,5668,2181,0.4185,0.2928,-0.1257,0.0558,0.4961,37.4395,82.0255,2021,3,primary
4.2,5946,1903,0.433,0.2802,-0.1528,0.0656,0.5297,38.8408,83.3121,2021,3,primary
4.3,6482,1367,0.4571,0.2513,-0.2058,0.0884,0.6035,41.6561,86.0191,2021,3,primary
4.4,6482,1367,0.4571,0.2513,-0.2058,0.0884,0.6035,41.6561,86.0191,2021,3,primary
4.5,6737,1112,0.4722,0.231,-0.2411,0.1008,0.6466,43.3694,87.9745,2021,3,primary
4.6,6966,883,0.4846,0.1818,-0.3029,0.1128,0.6931,44.7134,89.8599,2021,3,primary
4.7,7156,693,0.4953,0.1597,-0.3356,0.1251,0.7258,45.707,90.5605,2021,3,primary
4.8,7479,370,0.5164,0.1092,-0.4073,0.1485,0.7757,47.6178,92.5796,2021,3,primary
4.9,7479,370,0.5164,0.1092,-0.4073,0.1485,0.7757,47.6178,92.5796,2021,3,primary
5,7590,259,0.5242,0.1241,-0.4001,0.1577,0.7761,48.1656,93.2484,2021,3,primary
5.1,7671,178,0.5296,0.0876,-0.442,0.1637,0.7978,48.7325,94.3885,2021,3,primary
5.2,7712,137,0.5326,0.1017,-0.4309,0.167,0.8029,49.3248,94.3885,2021,3,primary
5.3,7780,69,0.537,0.1695,-0.3675,0.1724,0.8261,49.3248,94.7962,2021,3,primary
5.4,7780,69,0.537,0.1695,-0.3675,0.1724,0.8261,49.3248,94.7962,2021,3,primary
5.5,7808,41,0.5385,,,0.1743,,49.8854,,2021,3,primary
2,402,7887,0.0858,0.5517,0.466,0,0.1959,10.8806,52.3824,2022,4,primary
2.1,449,7840,0.0593,0.5487,0.4894,0,0.1971,10.5549,52.9312,2022,4,primary
2.2,490,7799,0.0683,0.5469,0.4785,0,0.1981,10.7177,52.9312,2022,4,primary
2.3,534,7755,0.0328,0.5436,0.5108,0,0.1992,10.0121,53.4379,2022,4,primary
2.4,582,7707,0.0471,0.5409,0.4938,0,0.2005,10.2051,53.4379,2022,4,primary
2.5,645,7644,0.0658,0.5376,0.4718,0,0.2021,10.8806,53.9204,2022,4,primary
2.6,700,7589,0.0813,0.5347,0.4534,0,0.2036,11.0645,54.3848,2022,4,primary
2.7,771,7518,0.101,0.5315,0.4304,0,0.2055,11.2485,54.3848,2022,4,primary
2.8,843,7446,0.1187,0.5286,0.4099,0.0012,0.2074,11.6828,54.8613,2022,4,primary
2.9,915,7374,0.1368,0.5253,0.3884,0.0011,0.2094,11.6828,55.38,2022,4,primary
3,991,7298,0.1431,0.5222,0.3791,0.001,0.2116,12.0808,55.9107,2022,4,primary
3.1,1104,7185,0.1428,0.5155,0.3727,9e-04,0.2149,12.4487,56.4717,2022,4,primary
3.2,1223,7066,0.1555,0.5093,0.3538,8e-04,0.2185,13.2509,57.0989,2022,4,primary
3.3,1360,6929,0.17,0.5019,0.3319,7e-04,0.2228,13.655,58.1725,2022,4,primary
3.4,1702,6587,0.2054,0.4854,0.28,0.0029,0.2338,15.0121,59.8251,2022,4,primary
3.5,1702,6587,0.2054,0.4854,0.28,0.0029,0.2338,15.0121,59.8251,2022,4,primary
3.6,1902,6387,0.2259,0.4752,0.2493,0.0032,0.241,16.3269,60.8926,2022,4,primary
3.7,2142,6147,0.2544,0.4638,0.2095,0.0033,0.2502,17.4427,62.5513,2022,4,primary
3.8,2436,5853,0.2834,0.4516,0.1681,0.0037,0.2624,18.7696,64.1556,2022,4,primary
3.9,3177,5112,0.3265,0.4188,0.0923,0.0076,0.2975,22.31,67.8347,2022,4,primary
4,3177,5112,0.3265,0.4188,0.0923,0.0076,0.2975,22.31,67.8347,2022,4,primary
4.1,3616,4673,0.3534,0.3976,0.0442,0.0094,0.3233,24.6019,70.1387,2022,4,primary
4.2,3960,4329,0.3753,0.3855,0.0102,0.0141,0.344,26.4234,71.8396,2022,4,primary
4.3,4651,3638,0.4109,0.3544,-0.0565,0.0241,0.3939,30.2232,75.0422,2022,4,primary
4.4,4651,3638,0.4109,0.3544,-0.0565,0.0241,0.3939,30.2232,75.0422,2022,4,primary
4.5,4966,3323,0.4248,0.3433,-0.0814,0.0318,0.4174,31.6888,76.8938,2022,4,primary
4.6,5435,2854,0.4441,0.3282,-0.1159,0.0434,0.4587,34.24,79.2943,2022,4,primary
4.7,5729,2560,0.4558,0.3186,-0.1372,0.052,0.4871,35.6936,80.8323,2022,4,primary
4.8,6326,1963,0.4793,0.3048,-0.1745,0.0721,0.5548,39.0531,83.6369,2022,4,primary
4.9,6326,1963,0.4793,0.3048,-0.1745,0.0721,0.5548,39.0531,83.6369,2022,4,primary
5,6595,1694,0.4903,0.2961,-0.1942,0.0829,0.5891,40.4403,85.2533,2022,4,primary
5.1,6836,1453,0.4977,0.2822,-0.2154,0.0923,0.629,41.7853,86.7129,2022,4,primary
5.2,6984,1305,0.5041,0.2824,-0.2217,0.1004,0.6467,42.8227,87.5452,2022,4,primary
5.3,7353,936,0.5174,0.2261,-0.2912,0.1185,0.7201,44.427,90.2593,2022,4,primary
5.4,7353,936,0.5174,0.2261,-0.2912,0.1185,0.7201,44.427,90.2593,2022,4,primary
5.5,7478,811,0.5231,0.2215,-0.3015,0.1249,0.7534,45.5368,90.7539,2022,4,primary
2,536,6710,0.0876,0.5195,0.432,0,0.1125,9.842,53.4359,2023,5,primary
2.1,600,6646,0.0816,0.5141,0.4325,0,0.1136,9.9972,54.0086,2023,5,primary
2.2,650,6596,0.0825,0.5104,0.4279,0,0.1145,9.9972,54.6433,2023,5,primary
2.3,694,6552,0.1078,0.5083,0.4005,0,0.1152,10.3215,54.6433,2023,5,primary
2.4,733,6513,0.1184,0.5058,0.3874,0,0.1159,10.6734,55.2504,2023,5,primary
2.5,785,6461,0.117,0.5014,0.3844,0,0.1169,10.6734,55.2504,2023,5,primary
2.6,853,6393,0.137,0.4968,0.3598,0,0.1181,11.4323,55.7817,2023,5,primary
2.7,926,6320,0.1576,0.4923,0.3347,0,0.1195,12.0947,56.3613,2023,5,primary
2.8,995,6251,0.145,0.4858,0.3408,0,0.1208,12.0947,56.9684,2023,5,primary
2.9,1064,6182,0.1654,0.4813,0.3159,0,0.1221,12.0947,56.9684,2023,5,primary
3,1134,6112,0.1779,0.4763,0.2984,0,0.1235,12.5845,57.4997,2023,5,primary
3.1,1244,6002,0.1932,0.4687,0.2755,0,0.1258,13.4124,58.3552,2023,5,primary
3.2,1338,5908,0.2009,0.4626,0.2617,0,0.1278,13.8678,58.8795,2023,5,primary
3.3,1467,5779,0.2243,0.4543,0.23,0,0.1306,14.8475,59.8455,2023,5,primary
3.4,1606,5640,0.262,0.4491,0.1871,6e-04,0.1337,15.5927,60.4112,2023,5,primary
3.5,1758,5488,0.2789,0.442,0.1631,0.0017,0.137,16.9242,61.4116,2023,5,primary
3.6,1947,5299,0.2929,0.4303,0.1374,0.0026,0.1415,17.904,62.412,2023,5,primary
3.7,2151,5095,0.2984,0.4144,0.116,0.0023,0.1472,18.6836,64.0472,2023,5,primary
3.8,2412,4834,0.3239,0.3994,0.0755,0.0029,0.1547,20.7465,65.3581,2023,5,primary
3.9,2704,4542,0.3458,0.3825,0.0367,0.0037,0.164,22.3265,66.9449,2023,5,primary
4,3043,4203,0.3656,0.3592,-0.0065,0.0046,0.1763,24.1065,69.139,2023,5,primary
4.1,3405,3841,0.3872,0.3374,-0.0498,0.0056,0.1916,26.3281,71.195,2023,5,primary
4.2,3690,3556,0.4064,0.3263,-0.0801,0.0092,0.2028,27.9495,72.5956,2023,5,primary
4.3,4315,2931,0.4318,0.29,-0.1418,0.0137,0.2375,31.9029,76.0246,2023,5,primary
4.4,4315,2931,0.4318,0.29,-0.1418,0.0137,0.2375,31.9029,76.0246,2023,5,primary
4.5,4603,2643,0.4469,0.2783,-0.1686,0.0169,0.2561,33.4276,77.2596,2023,5,primary
4.6,4980,2266,0.4664,0.2749,-0.1915,0.0235,0.2816,36.1943,79.1776,2023,5,primary
4.7,5305,1941,0.4721,0.2431,-0.229,0.0281,0.3122,37.8846,81.1025,2023,5,primary
4.8,5585,1661,0.4865,0.2628,-0.2237,0.0381,0.3263,39.4439,81.9374,2023,5,primary
4.9,5825,1421,0.4938,0.2562,-0.2376,0.0433,0.354,41.2447,83.8071,2023,5,primary
5,6062,1184,0.4992,0.2316,-0.2676,0.0483,0.3902,42.3417,85.7872,2023,5,primary
5.1,6276,970,0.5077,0.2432,-0.2645,0.0564,0.4134,43.9492,86.9049,2023,5,primary
5.2,6422,824,0.5126,0.2319,-0.2807,0.0609,0.4417,44.4943,87.9812,2023,5,primary
5.3,6608,638,0.5196,0.2394,-0.2803,0.0676,0.4828,45.7224,89.1265,2023,5,primary
5.4,6707,539,0.5237,0.2445,-0.2791,0.0719,0.5065,46.3226,89.6647,2023,5,primary
5.5,6825,421,0.5293,0.2371,-0.2922,0.0763,0.5558,47.3989,91.6586,2023,5,primary
2,877,6044,0.0892,0.5054,0.4162,0.0011,0.0991,13.132,56.0026,2024,6,primary
2.1,994,5927,0.106,0.4982,0.3922,0.001,0.1011,13.6232,56.9561,2024,6,primary
2.2,1077,5844,0.1133,0.4919,0.3785,9e-04,0.1025,13.6232,57.4617,2024,6,primary
2.3,1156,5765,0.1255,0.4862,0.3607,9e-04,0.1039,14.0133,58.3719,2024,6,primary
2.4,1299,5622,0.1391,0.4752,0.3362,8e-04,0.1065,14.714,58.9208,2024,6,primary
2.5,1420,5501,0.1454,0.4651,0.3197,7e-04,0.1089,15.1401,60.0188,2024,6,primary
2.6,1532,5389,0.176,0.4608,0.2848,7e-04,0.1112,15.5374,60.5966,2024,6,primary
2.7,1688,5233,0.2014,0.4507,0.2493,6e-04,0.1145,16.4837,61.8535,2024,6,primary
2.8,1822,5099,0.2221,0.442,0.2198,0.0011,0.1173,17.0615,62.547,2024,6,primary
2.9,1963,4958,0.2477,0.4357,0.188,0.001,0.1206,18.0367,63.291,2024,6,primary
3,2107,4814,0.2741,0.4298,0.1557,0.0014,0.124,19.1997,64.4828,2024,6,primary
3.1,2397,4524,0.2911,0.4068,0.1157,0.0017,0.1317,20.9116,66.3753,2024,6,primary
3.2,2645,4276,0.316,0.3944,0.0784,0.003,0.1384,22.5441,67.6972,2024,6,primary
3.3,2907,4014,0.3394,0.3823,0.0429,0.0045,0.1462,24.0537,68.9541,2024,6,primary
3.4,3557,3364,0.3818,0.3445,-0.0373,0.0062,0.1718,28.0266,72.6452,2024,6,primary
3.5,3557,3364,0.3818,0.3445,-0.0373,0.0062,0.1718,28.0266,72.6452,2024,6,primary
3.6,3911,3010,0.4042,0.3245,-0.0797,0.0079,0.189,30.5836,74.8555,2024,6,primary
3.7,4232,2689,0.421,0.3076,-0.1133,0.0111,0.2057,32.1656,76.9575,2024,6,primary
3.8,4576,2345,0.4373,0.2877,-0.1497,0.0151,0.2264,34.412,78.6984,2024,6,primary
3.9,5277,1644,0.4744,0.2519,-0.2225,0.0246,0.2859,39.1722,82.9674,2024,6,primary
4,5277,1644,0.4744,0.2519,-0.2225,0.0246,0.2859,39.1722,82.9674,2024,6,primary
4.1,5591,1330,0.4888,0.2324,-0.2564,0.0309,0.3211,40.9997,84.9177,2024,6,primary
4.2,5802,1119,0.4998,0.2254,-0.2744,0.0348,0.3557,42.6828,86.1962,2024,6,primary
4.3,6247,674,0.5181,0.2265,-0.2915,0.0504,0.4228,45.4132,88.9049,2024,6,primary
4.4,6247,674,0.5181,0.2265,-0.2915,0.0504,0.4228,45.4132,88.9049,2024,6,primary
4.5,6413,508,0.5253,0.2145,-0.3108,0.0571,0.4606,46.4244,90.2629,2024,6,primary
4.6,6578,343,0.5345,0.1887,-0.3458,0.064,0.5219,47.4646,92.1121,2024,6,primary
4.7,6657,264,0.5394,0.1723,-0.3671,0.0677,0.5644,48.0208,93.0259,2024,6,primary
4.8,6793,128,0.5475,0.1354,-0.4122,0.0758,0.6641,48.996,94.9798,2024,6,primary
4.9,6793,128,0.5475,0.1354,-0.4122,0.0758,0.6641,48.996,94.9798,2024,6,primary
5,6834,87,0.5508,0.1452,-0.4056,0.0787,0.7126,49.5522,95.3193,2024,6,primary
5.1,6868,53,0.5537,0.1831,-0.3706,0.0814,0.7736,49.5522,95.471,2024,6,primary
5.2,6880,41,0.5546,,,0.0824,,49.5522,,2024,6,primary
5.3,6904,17,0.557,,,0.0852,,49.8447,,2024,6,primary
5.4,6904,17,0.557,,,0.0852,,49.8447,,2024,6,primary
5.5,6907,14,0.557,,,0.0851,,50.1372,,2024,6,primary
2,1084,6335,0.0356,0.4859,0.4503,0,0.0743,18.7197,56.7588,2025,7,primary
2.1,1223,6196,0.0482,0.4795,0.4313,0,0.076,19.2049,57.7493,2025,7,primary
2.2,1327,6092,0.0568,0.4748,0.418,0,0.0773,19.2049,58.6725,2025,7,primary
2.3,1414,6005,0.0591,0.47,0.4109,0,0.0784,19.4239,59.124,2025,7,primary
2.4,1550,5869,0.0714,0.4628,0.3914,0,0.0803,20.1617,60.0606,2025,7,primary
2.5,1637,5782,0.0725,0.4581,0.3856,0,0.0815,20.1617,60.6199,2025,7,primary
2.6,1742,5677,0.0796,0.453,0.3734,0,0.083,20.1617,61.0849,2025,7,primary
2.7,1910,5509,0.1004,0.4438,0.3434,0,0.0855,20.6536,62.3787,2025,7,primary
2.8,2053,5366,0.1082,0.4348,0.3265,5e-04,0.0876,21.0512,63.093,2025,7,primary
2.9,2193,5226,0.1178,0.4251,0.3073,5e-04,0.0899,21.5364,63.7668,2025,7,primary
3,2345,5074,0.1427,0.4185,0.2758,4e-04,0.0926,22.062,64.6833,2025,7,primary
3.1,2632,4787,0.1828,0.4036,0.2208,4e-04,0.0982,23.4704,66.5027,2025,7,primary
3.2,2881,4538,0.2221,0.3962,0.1741,7e-04,0.1033,25.0943,67.9111,2025,7,primary
3.3,3127,4292,0.2469,0.3892,0.1423,0.0022,0.1081,26.0984,68.7938,2025,7,primary
3.4,3703,3716,0.2947,0.3594,0.0647,0.003,0.1238,29.1105,72.3248,2025,7,primary
3.5,3703,3716,0.2947,0.3594,0.0647,0.003,0.1238,29.1105,72.3248,2025,7,primary
3.6,4002,3417,0.3153,0.3492,0.0339,0.0042,0.1329,30.7345,73.8881,2025,7,primary
3.7,4328,3091,0.3357,0.3389,0.0033,0.0049,0.1456,32.4259,75.4447,2025,7,primary
3.8,4662,2757,0.3581,0.3275,-0.0306,0.0064,0.16,34.0296,77.2507,2025,7,primary
3.9,5330,2089,0.3897,0.3064,-0.0833,0.0101,0.1996,37.3585,81.1321,2025,7,primary
4,5330,2089,0.3897,0.3064,-0.0833,0.0101,0.1996,37.3585,81.1321,2025,7,primary
4.1,5691,1728,0.4064,0.2796,-0.1268,0.0132,0.2292,39.562,83.4569,2025,7,primary
4.2,5908,1511,0.419,0.2638,-0.1551,0.0161,0.2488,40.2628,84.7776,2025,7,primary
4.3,6374,1045,0.4489,0.2417,-0.2072,0.0234,0.3081,43.2682,87.6078,2025,7,primary
4.4,6374,1045,0.4489,0.2417,-0.2072,0.0234,0.3081,43.2682,87.6078,2025,7,primary
4.5,6565,854,0.4598,0.2506,-0.2093,0.0277,0.3384,44.4677,88.8005,2025,7,primary
4.6,6783,636,0.4742,0.2534,-0.2208,0.0327,0.3915,46.0108,90.438,2025,7,primary
4.7,6918,501,0.4829,0.2381,-0.2448,0.0363,0.4391,46.5633,91.9946,2025,7,primary
4.8,7143,276,0.4998,0.2699,-0.2299,0.0451,0.5399,48.093,94.2251,2025,7,primary
4.9,7143,276,0.4998,0.2699,-0.2299,0.0451,0.5399,48.093,94.2251,2025,7,primary
5,7216,203,0.5041,0.2333,-0.2708,0.0479,0.6158,48.5108,95.2426,2025,7,primary
5.1,7269,150,0.5077,0.1671,-0.3406,0.0508,0.68,48.996,95.9299,2025,7,primary
5.2,7294,125,0.5103,0.1686,-0.3417,0.0529,0.68,48.996,96.1927,2025,7,primary
5.3,7350,69,0.5152,0.1735,-0.3417,0.0573,0.7246,49.5013,97.0957,2025,7,primary
5.4,7350,69,0.5152,0.1735,-0.3417,0.0573,0.7246,49.5013,97.0957,2025,7,primary
5.5,7373,46,0.5175,,,0.059,,49.5013,,2025,7,primary
2,872,6243,0.1455,0.4747,0.3292,0,0,12.4578,55.6071,2026,8,ilearn_2026
2.1,960,6155,0.1537,0.4694,0.3157,0,0,12.9708,56.5346,2026,8,ilearn_2026
2.2,1029,6086,0.1681,0.4648,0.2967,0,0,13.5469,56.5346,2026,8,ilearn_2026
2.3,1108,6007,0.1576,0.4569,0.2992,0,0,13.5469,57.5464,2026,8,ilearn_2026
2.4,1205,5910,0.1668,0.4495,0.2827,0,0,14.1512,57.5464,2026,8,ilearn_2026
2.5,1320,5795,0.1788,0.4405,0.2616,0,0,14.1512,58.502,2026,8,ilearn_2026
2.6,1407,5708,0.1861,0.4346,0.2485,0,0,14.5798,59.2749,2026,8,ilearn_2026
2.7,1565,5550,0.2127,0.4275,0.2148,0,0,15.0787,60.1602,2026,8,ilearn_2026
2.8,1710,5405,0.2341,0.4164,0.1823,0,0,16.3224,61.2704,2026,8,ilearn_2026
2.9,1835,5280,0.2586,0.4103,0.1517,0,0,16.9477,61.7798,2026,8,ilearn_2026
3,1953,5162,0.2565,0.3994,0.1429,0,0,17.6012,62.2892,2026,8,ilearn_2026
3.1,2207,4908,0.282,0.3841,0.1021,0,0,18.9573,64.4112,2026,8,ilearn_2026
3.2,2411,4704,0.3028,0.3688,0.0659,0,0,20.2572,65.5003,2026,8,ilearn_2026
3.3,2609,4506,0.3234,0.3595,0.0361,0,0,21.4517,66.5472,2026,8,ilearn_2026
3.4,3039,4076,0.3502,0.3284,-0.0218,0,0,23.932,68.8168,2026,8,ilearn_2026
3.5,3039,4076,0.3502,0.3284,-0.0218,0,0,23.932,68.8168,2026,8,ilearn_2026
3.6,3280,3835,0.3679,0.3156,-0.0523,0,0,25.1827,69.8426,2026,8,ilearn_2026
3.7,3561,3554,0.3874,0.301,-0.0864,0,0,27.5155,70.9036,2026,8,ilearn_2026
3.8,3819,3296,0.4026,0.2906,-0.112,0,0,28.7802,72.7024,2026,8,ilearn_2026
3.9,4533,2582,0.4348,0.2438,-0.191,0,0,33.235,76.5318,2026,8,ilearn_2026
4,4533,2582,0.4348,0.2438,-0.191,0,0,33.235,76.5318,2026,8,ilearn_2026
4.1,4897,2218,0.4516,0.2303,-0.2213,0,0,36.0034,78.5132,2026,8,ilearn_2026
4.2,5155,1960,0.4631,0.22,-0.2431,0,0,37.8865,79.8342,2026,8,ilearn_2026
4.3,5726,1389,0.4788,0.1874,-0.2914,0,0,41.1818,82.7501,2026,8,ilearn_2026
4.4,5726,1389,0.4788,0.1874,-0.2914,0,0,41.1818,82.7501,2026,8,ilearn_2026
4.5,6014,1101,0.4861,0.1675,-0.3186,0,0,43.1492,84.3241,2026,8,ilearn_2026
4.6,6255,860,0.4945,0.1335,-0.3609,0,0,44.4632,85.7223,2026,8,ilearn_2026
4.7,6461,654,0.5044,0.1349,-0.3695,0,0,45.7139,86.2915,2026,8,ilearn_2026
4.8,6762,353,0.5177,0.1286,-0.3892,0,0,47.7867,88.828,2026,8,ilearn_2026
4.9,6762,353,0.5177,0.1286,-0.3892,0,0,47.7867,88.828,2026,8,ilearn_2026
5,6840,275,0.5206,0.1439,-0.3768,0,0,48.4753,89.2215,2026,8,ilearn_2026
5.1,6920,195,0.5244,0.124,-0.4004,0,0,48.4753,90.0717,2026,8,ilearn_2026
5.2,6970,145,0.5268,0.0779,-0.449,0,0,49.199,90.7111,2026,8,ilearn_2026
5.3,7002,113,0.5285,0.1137,-0.4148,0,0,49.199,90.7111,2026,8,ilearn_2026
5.4,7002,113,0.5285,0.1137,-0.4148,0,0,49.199,90.7111,2026,8,ilearn_2026
5.5,7016,99,0.5296,0.1888,-0.3408,0,0,49.199,90.4019,2026,8,ilearn_2026
2,802,6898,0.0862,0.5447,0.4586,0,0.1209,11.5699,55.1292,2024,5,primary
2.1,879,6821,0.0699,0.5385,0.4685,0,0.1223,11.5699,55.6162,2024,5,primary
2.2,939,6761,0.0927,0.5354,0.4427,0,0.1234,11.927,56.155,2024,5,primary
2.3,1004,6696,0.0794,0.5296,0.4501,0,0.1246,11.927,56.6745,2024,5,primary
2.4,1063,6637,0.0975,0.5258,0.4283,0,0.1257,12.2711,56.6745,2024,5,primary
2.5,1143,6557,0.1146,0.5204,0.4058,0,0.1272,12.5438,57.5834,2024,5,primary
2.6,1207,6493,0.1268,0.5162,0.3895,0,0.1284,12.8165,57.5834,2024,5,primary
2.7,1278,6422,0.1437,0.5121,0.3684,0,0.1299,13.1217,58.0639,2024,5,primary
2.8,1361,6339,0.1526,0.5058,0.3531,0,0.1316,13.4853,58.6093,2024,5,primary
2.9,1418,6282,0.1664,0.5025,0.336,0,0.1328,13.8424,59.1741,2024,5,primary
3,1508,6192,0.1728,0.4957,0.3229,0,0.1347,14.1865,59.5897,2024,5,primary
3.1,1641,6059,0.1967,0.486,0.2893,0,0.1376,14.9656,60.4077,2024,5,primary
3.2,1749,5951,0.207,0.4779,0.2709,0,0.1401,15.3292,61.4725,2024,5,primary
3.3,1894,5806,0.2323,0.4691,0.2367,0,0.1436,16.1667,61.9075,2024,5,primary
3.4,2214,5486,0.2811,0.45,0.1689,0.0014,0.1515,17.9068,63.9203,2024,5,primary
3.5,2214,5486,0.2811,0.45,0.1689,0.0014,0.1515,17.9068,63.9203,2024,5,primary
3.6,2424,5276,0.312,0.4385,0.1265,0.0012,0.1575,18.9456,65.2707,2024,5,primary
3.7,2651,5049,0.3301,0.4224,0.0923,0.0015,0.1644,20.361,66.2187,2024,5,primary
3.8,2893,4807,0.3475,0.4051,0.0576,0.0021,0.1722,21.7699,68.0171,2024,5,primary
3.9,3475,4225,0.4004,0.3752,-0.0252,0.0043,0.1938,25.0032,71.1596,2024,5,primary
4,3475,4225,0.4004,0.3752,-0.0252,0.0043,0.1938,25.0032,71.1596,2024,5,primary
4.1,3782,3918,0.4226,0.3629,-0.0597,0.005,0.208,26.7108,72.7438,2024,5,primary
4.2,4065,3635,0.4362,0.3412,-0.095,0.0064,0.2223,28.1717,74.328,2024,5,primary
4.3,4614,3086,0.4605,0.3086,-0.1519,0.0147,0.2482,31.5349,77.1653,2024,5,primary
4.4,4614,3086,0.4605,0.3086,-0.1519,0.0147,0.2482,31.5349,77.1653,2024,5,primary
4.5,4889,2811,0.4691,0.2901,-0.179,0.019,0.2636,32.9178,78.3275,2024,5,primary
4.6,5331,2369,0.4912,0.2737,-0.2175,0.0257,0.2942,35.5668,80.061,2024,5,primary
4.7,5613,2087,0.5039,0.2602,-0.2437,0.0301,0.3186,37.4692,81.4699,2024,5,primary
4.8,6187,1513,0.528,0.247,-0.281,0.0433,0.3741,40.9557,84.2618,2024,5,primary
4.9,6187,1513,0.528,0.247,-0.281,0.0433,0.3741,40.9557,84.2618,2024,5,primary
5,6428,1272,0.536,0.2458,-0.2902,0.0496,0.4049,42.4101,85.4272,2024,5,primary
5.1,6647,1053,0.5444,0.2501,-0.2943,0.0558,0.4397,43.9229,86.9108,2024,5,primary
5.2,6766,934,0.5478,0.2578,-0.29,0.06,0.4582,44.4683,87.5406,2024,5,primary
5.3,7061,639,0.5563,0.2291,-0.3272,0.0693,0.5399,46.1563,90.2805,2024,5,primary
5.4,7061,639,0.5563,0.2291,-0.3272,0.0693,0.5399,46.1563,90.2805,2024,5,primary
5.5,7210,490,0.5615,0.2168,-0.3447,0.0763,0.5796,47.0978,91.4686,2024,5,primary
2,789,7256,0.0599,0.5429,0.483,0,0.2295,14.181,54.4681,2022,3,primary
2.1,869,7176,0.0496,0.5386,0.489,0,0.232,13.7895,55.4561,2022,3,primary
2.2,943,7102,0.0555,0.5348,0.4793,0,0.2344,13.7895,55.9906,2022,3,primary
2.3,1066,6979,0.0675,0.5294,0.4619,0,0.2386,14.181,56.5188,2022,3,primary
2.4,1173,6872,0.0807,0.5245,0.4438,0,0.2423,14.5911,57.0159,2022,3,primary
2.5,1329,6716,0.101,0.5168,0.4158,0,0.2479,15.4487,57.9294,2022,3,primary
2.6,1464,6581,0.1034,0.5093,0.4059,0.0014,0.2527,15.6941,58.992,2022,3,primary
2.7,1633,6412,0.12,0.5011,0.3811,0.0031,0.2589,16.4243,60.0858,2022,3,primary
2.8,1787,6258,0.1433,0.4937,0.3505,0.0028,0.2653,16.8904,60.6823,2022,3,primary
2.9,2003,6042,0.1732,0.484,0.3109,0.003,0.2746,17.8536,62.1365,2022,3,primary
3,2150,5895,0.1919,0.4764,0.2845,0.0033,0.2813,18.736,63.0002,2022,3,primary
3.1,2395,5650,0.2141,0.465,0.2509,0.0038,0.2931,19.2456,64.0194,2022,3,primary
3.2,2669,5376,0.25,0.4518,0.2018,0.0037,0.3078,20.6935,65.8899,2022,3,primary
3.3,2949,5096,0.2699,0.4374,0.1675,0.0058,0.3234,22.2036,67.3875,2022,3,primary
3.4,3567,4478,0.3231,0.4106,0.0875,0.0135,0.3611,25.4785,70.7246,2022,3,primary
3.5,3567,4478,0.3231,0.4106,0.0875,0.0135,0.3611,25.4785,70.7246,2022,3,primary
3.6,3923,4122,0.3514,0.3939,0.0425,0.0176,0.3872,27.1253,72.8499,2022,3,primary
3.7,4299,3746,0.3711,0.3762,0.0052,0.0251,0.4156,29.2319,74.6955,2022,3,primary
3.8,4673,3372,0.3937,0.3565,-0.0372,0.0317,0.4499,30.9719,76.5349,2022,3,primary
3.9,5532,2513,0.4402,0.3191,-0.121,0.0607,0.5288,35.4586,80.7047,2022,3,primary
4,5532,2513,0.4402,0.3191,-0.121,0.0607,0.5288,35.4586,80.7047,2022,3,primary
4.1,5904,2141,0.4609,0.3094,-0.1515,0.0755,0.5694,37.4037,82.6373,2022,3,primary
4.2,6188,1857,0.473,0.2915,-0.1816,0.0878,0.6042,39.0318,84.0542,2022,3,primary
4.3,6745,1300,0.4999,0.2623,-0.2377,0.1156,0.6808,42.1079,87.2297,2022,3,primary
4.4,6745,1300,0.4999,0.2623,-0.2377,0.1156,0.6808,42.1079,87.2297,2022,3,primary
4.5,6966,1079,0.5088,0.2362,-0.2726,0.1272,0.722,43.7547,88.5471,2022,3,primary
4.6,7179,866,0.5198,0.2265,-0.2934,0.1414,0.7506,44.8546,90.2436,2022,3,primary
4.7,7358,687,0.53,0.225,-0.3049,0.1534,0.7802,46.0291,91.039,2022,3,primary
4.8,7642,403,0.5451,0.2167,-0.3284,0.1736,0.8387,47.6075,93.3072,2022,3,primary
4.9,7642,403,0.5451,0.2167,-0.3284,0.1736,0.8387,47.6075,93.3072,2022,3,primary
5,7741,304,0.5507,0.2036,-0.3471,0.1814,0.8586,48.1481,94.2673,2022,3,primary
5.1,7821,224,0.5551,0.1455,-0.4095,0.1869,0.9062,48.6888,95.6624,2022,3,primary
5.2,7865,180,0.5581,0.1102,-0.4478,0.1906,0.9222,48.6888,96.0974,2022,3,primary
5.3,7944,101,0.5635,0.0969,-0.4666,0.1973,0.9703,49.2356,96.3398,2022,3,primary
5.4,7944,101,0.5635,0.0969,-0.4666,0.1973,0.9703,49.2356,96.3398,2022,3,primary
5.5,7981,64,0.5666,0.2331,-0.3335,0.201,0.9531,49.8136,96.2839,2022,3,primary
2,470,7911,0.0108,0.5655,0.5547,0,0.1971,12.1212,52.6008,2023,4,primary
2.1,518,7863,0.0176,0.5636,0.546,0,0.1983,12.1212,53.09,2023,4,primary
2.2,565,7816,0.0435,0.5622,0.5187,0,0.1995,12.5089,53.3136,2023,4,primary
2.3,617,7764,0.0288,0.5591,0.5303,0,0.2008,12.5089,53.5373,2023,4,primary
2.4,668,7713,0.0375,0.5568,0.5193,0,0.2021,12.5089,53.9549,2023,4,primary
2.5,725,7656,0.0524,0.5544,0.502,0,0.2036,12.8669,54.4321,2023,4,primary
2.6,790,7591,0.0577,0.5511,0.4933,0,0.2054,12.8669,54.4321,2023,4,primary
2.7,881,7500,0.0656,0.5468,0.4812,0,0.2079,12.8669,54.9571,2023,4,primary
2.8,959,7422,0.0709,0.5425,0.4717,0,0.2101,13.1592,55.822,2023,4,primary
2.9,1037,7344,0.0889,0.5394,0.4505,0,0.2123,13.4216,56.3171,2023,4,primary
3,1127,7254,0.0922,0.5348,0.4427,0,0.2149,13.7497,56.7466,2023,4,primary
3.1,1294,7087,0.1174,0.5272,0.4098,8e-04,0.2198,14.1315,57.5579,2023,4,primary
3.2,1425,6956,0.119,0.5194,0.4004,7e-04,0.224,14.4596,58.5421,2023,4,primary
3.3,1554,6827,0.1283,0.5126,0.3844,0.0013,0.2281,15.1217,59.0551,2023,4,primary
3.4,1723,6658,0.1443,0.5029,0.3586,0.0012,0.2339,15.5154,60.0692,2023,4,primary
3.5,1928,6453,0.1675,0.4911,0.3235,0.001,0.2413,16.4042,61.0236,2023,4,primary
3.6,2134,6247,0.1869,0.4784,0.2914,0.0014,0.2491,16.8874,62.497,2023,4,primary
3.7,2397,5984,0.2191,0.4646,0.2455,0.0021,0.2597,18.1878,63.6125,2023,4,primary
3.8,2683,5698,0.256,0.4527,0.1966,0.0037,0.2718,19.518,65.0561,2023,4,primary
3.9,3006,5375,0.2925,0.4378,0.1453,0.0053,0.2871,21.2121,66.8576,2023,4,primary
4,3386,4995,0.3322,0.4207,0.0885,0.0077,0.3069,22.9539,68.7246,2023,4,primary
4.1,3804,4577,0.3631,0.4007,0.0376,0.0126,0.3301,24.9582,71.0093,2023,4,primary
4.2,4127,4254,0.3918,0.3933,0.0014,0.0167,0.3503,26.9625,72.2978,2023,4,primary
4.3,4784,3597,0.4207,0.3562,-0.0645,0.0261,0.3987,30.4343,75.853,2023,4,primary
4.4,4784,3597,0.4207,0.3562,-0.0645,0.0261,0.3987,30.4343,75.853,2023,4,primary
4.5,5130,3251,0.4389,0.335,-0.1039,0.0322,0.4288,32.1582,77.7082,2023,4,primary
4.6,5556,2825,0.4588,0.3239,-0.1349,0.0461,0.4612,34.4846,79.3247,2023,4,primary
4.7,5879,2502,0.4695,0.3103,-0.1593,0.0555,0.4928,35.8566,81.1859,2023,4,primary
4.8,6174,2207,0.4791,0.2844,-0.1947,0.0637,0.5283,37.6939,82.8621,2023,4,primary
4.9,6514,1867,0.4965,0.2695,-0.227,0.0775,0.5645,39.6624,84.4309,2023,4,primary
5,6786,1595,0.506,0.2486,-0.2574,0.0884,0.6013,40.6466,85.7373,2023,4,primary
5.1,7046,1335,0.5185,0.2538,-0.2647,0.1019,0.63,42.0902,86.4233,2023,4,primary
5.2,7208,1173,0.5262,0.2585,-0.2677,0.1107,0.6488,43.0327,87.0795,2023,4,primary
5.3,7443,938,0.5354,0.234,-0.3014,0.1215,0.6983,44.5001,88.7139,2023,4,primary
5.4,7574,807,0.5407,0.2335,-0.3073,0.1287,0.7237,45.031,89.5311,2023,4,primary
5.5,7681,700,0.545,0.2076,-0.3374,0.1342,0.7543,45.6395,90.8196,2023,4,primary
2,846,6073,0.0275,0.482,0.4545,0,0.0856,16.3873,55.8454,2025,6,primary
2.1,983,5936,0.063,0.4761,0.4131,0,0.0876,16.8208,56.6185,2025,6,primary
2.2,1087,5832,0.0824,0.4714,0.389,0,0.0892,17.6734,57.6084,2025,6,primary
2.3,1189,5730,0.075,0.4642,0.3892,0,0.0908,17.6734,58.1431,2025,6,primary
2.4,1324,5595,0.0894,0.4557,0.3663,0,0.0929,18.2009,58.7717,2025,6,primary
2.5,1443,5476,0.0985,0.4481,0.3496,0,0.095,18.7066,59.9061,2025,6,primary
2.6,1570,5349,0.128,0.443,0.315,0,0.0972,19.2052,60.5347,2025,6,primary
2.7,1735,5184,0.1404,0.434,0.2936,0,0.1003,20.159,61.5896,2025,6,primary
2.8,1860,5059,0.1486,0.4247,0.276,0,0.1028,20.6069,62.5145,2025,6,primary
2.9,1996,4923,0.1657,0.4166,0.2509,0,0.1056,21.1055,63.0347,2025,6,primary
3,2136,4783,0.1762,0.4069,0.2307,0,0.1087,21.6474,64.1691,2025,6,primary
3.1,2410,4509,0.219,0.3969,0.1779,0,0.1153,23.1575,65.8165,2025,6,primary
3.2,2662,4257,0.2351,0.3797,0.1446,4e-04,0.1219,24.039,67.3266,2025,6,primary
3.3,2928,3991,0.268,0.3712,0.1032,3e-04,0.13,25.8743,68.7789,2025,6,primary
3.4,3507,3412,0.3149,0.3454,0.0304,0.0031,0.1492,29.1835,72.4855,2025,6,primary
3.5,3507,3412,0.3149,0.3454,0.0304,0.0031,0.1492,29.1835,72.4855,2025,6,primary
3.6,3851,3068,0.3402,0.3299,-0.0103,0.0036,0.1649,30.9971,74.1908,2025,6,primary
3.7,4215,2704,0.3658,0.3208,-0.045,0.0066,0.182,33.461,76.6763,2025,6,primary
3.8,4562,2357,0.387,0.3177,-0.0693,0.0099,0.2015,35.6575,78.5332,2025,6,primary
3.9,5245,1674,0.4164,0.2758,-0.1406,0.0162,0.2599,39.2486,83.2225,2025,6,primary
4,5245,1674,0.4164,0.2758,-0.1406,0.0162,0.2599,39.2486,83.2225,2025,6,primary
4.1,5554,1365,0.4325,0.2565,-0.176,0.0202,0.2989,41.091,84.8844,2025,6,primary
4.2,5769,1150,0.4446,0.2581,-0.1866,0.0239,0.3322,42.7312,86.0983,2025,6,primary
4.3,6261,658,0.4708,0.2228,-0.2481,0.0398,0.4119,45.9249,89.7543,2025,6,primary
4.4,6261,658,0.4708,0.2228,-0.2481,0.0398,0.4119,45.9249,89.7543,2025,6,primary
4.5,6409,510,0.4812,0.2433,-0.2379,0.0456,0.4471,46.539,90.7948,2025,6,primary
4.6,6552,367,0.4904,0.2394,-0.2509,0.0511,0.5041,47.7023,92.8685,2025,6,primary
4.7,6640,279,0.4958,0.2385,-0.2573,0.0551,0.552,48.2731,94.3569,2025,6,primary
4.8,6783,136,0.5065,0.2769,-0.2296,0.0634,0.6618,48.9017,96.7522,2025,6,primary
4.9,6783,136,0.5065,0.2769,-0.2296,0.0634,0.6618,48.9017,96.7522,2025,6,primary
5,6821,98,0.5097,0.2627,-0.2471,0.066,0.7143,49.5737,97.5975,2025,6,primary
5.1,6843,76,0.5122,0.3414,-0.1708,0.0678,0.7368,49.5737,97.948,2025,6,primary
5.2,6864,55,0.5143,0.4129,-0.1014,0.0693,0.8,49.5737,98.0636,2025,6,primary
5.3,6893,26,0.5174,,,0.0721,,49.5737,,2025,6,primary
5.4,6893,26,0.5174,,,0.0721,,49.5737,,2025,6,primary
5.5,6899,20,0.5181,,,0.0728,,49.5737,,2025,6,primary
2,782,6068,0.058,0.5111,0.4531,0,0,12.1807,55.116,2026,7,ilearn_2026
2.1,903,5947,0.0894,0.5026,0.4132,0,0,13.1879,56.0648,2026,7,ilearn_2026
2.2,962,5888,0.1016,0.4993,0.3977,0,0,13.1879,56.9479,2026,7,ilearn_2026
2.3,1031,5819,0.1163,0.494,0.3778,0,0,13.8301,56.9479,2026,7,ilearn_2026
2.4,1151,5699,0.1453,0.4869,0.3417,0,0,14.4796,57.7653,2026,7,ilearn_2026
2.5,1256,5594,0.1612,0.4801,0.3188,0,0,14.4796,58.5389,2026,7,ilearn_2026
2.6,1345,5505,0.1707,0.4732,0.3025,0,0,15.1511,59.3709,2026,7,ilearn_2026
2.7,1507,5343,0.2064,0.4641,0.2577,0,0,15.8736,60.2686,2026,7,ilearn_2026
2.8,1613,5237,0.2221,0.4588,0.2367,0,0,16.6472,61.1371,2026,7,ilearn_2026
2.9,1753,5097,0.2374,0.4483,0.2109,0,0,17.3186,61.9472,2026,7,ilearn_2026
3,1906,4944,0.2615,0.4401,0.1786,0,0,17.9609,62.8667,2026,7,ilearn_2026
3.1,2182,4668,0.2917,0.4262,0.1344,0,0,19.9606,64.6548,2026,7,ilearn_2026
3.2,2396,4454,0.3062,0.4146,0.1084,0,0,21.121,66.3407,2026,7,ilearn_2026
3.3,2623,4227,0.3281,0.403,0.0749,0,0,22.4639,67.18,2026,7,ilearn_2026
3.4,3111,3739,0.3577,0.3734,0.0157,0,0,25.7846,70.5955,2026,7,ilearn_2026
3.5,3111,3739,0.3577,0.3734,0.0157,0,0,25.7846,70.5955,2026,7,ilearn_2026
3.6,3401,3449,0.3796,0.359,-0.0207,0,0,27.3464,72.4858,2026,7,ilearn_2026
3.7,3699,3151,0.397,0.3443,-0.0527,0,0,28.9082,74.0768,2026,7,ilearn_2026
3.8,3992,2858,0.4084,0.3201,-0.0883,0,0,31.0539,75.6459,2026,7,ilearn_2026
3.9,4683,2167,0.4499,0.2776,-0.1724,0,0,35.7466,79.5942,2026,7,ilearn_2026
4,4683,2167,0.4499,0.2776,-0.1724,0,0,35.7466,79.5942,2026,7,ilearn_2026
4.1,5004,1846,0.4694,0.2779,-0.1915,0,0,37.2938,81.0466,2026,7,ilearn_2026
4.2,5254,1596,0.4827,0.2865,-0.1962,0,0,39.6074,82.2581,2026,7,ilearn_2026
4.3,5802,1048,0.5009,0.2509,-0.25,0,0,42.6507,86.0896,2026,7,ilearn_2026
4.4,5802,1048,0.5009,0.2509,-0.25,0,0,42.6507,86.0896,2026,7,ilearn_2026
4.5,5941,909,0.5062,0.2185,-0.2877,0,0,43.4973,87.4033,2026,7,ilearn_2026
4.6,6204,646,0.5191,0.1997,-0.3194,0,0,45.1978,89.7168,2026,7,ilearn_2026
4.7,6333,517,0.5264,0.1855,-0.3409,0,0,46.0079,90.8481,2026,7,ilearn_2026
4.8,6624,226,0.5438,0.146,-0.3978,0,0,48.4528,93.8768,2026,7,ilearn_2026
4.9,6624,226,0.5438,0.146,-0.3978,0,0,48.4528,93.8768,2026,7,ilearn_2026
5,6694,156,0.5492,0.1653,-0.3839,0,0,48.4528,94.3877,2026,7,ilearn_2026
5.1,6735,115,0.552,0.1444,-0.4076,0,0,49.4307,95.1832,2026,7,ilearn_2026
5.2,6759,91,0.5541,0.1894,-0.3647,0,0,49.4307,95.4678,2026,7,ilearn_2026
5.3,6795,55,0.5565,0.0978,-0.4587,0,0,49.4307,96.3947,2026,7,ilearn_2026
5.4,6795,55,0.5565,0.0978,-0.4587,0,0,49.4307,96.3947,2026,7,ilearn_2026
5.5,6811,39,0.5579,,,0,,49.4307,,2026,7,ilearn_2026
2,810,8401,0.0163,0.5831,0.5668,0,0.2053,11.4904,54.4182,2024,4,primary
2.1,867,8344,0.0309,0.5811,0.5503,0,0.2067,11.8758,54.8958,2024,4,primary
2.2,936,8275,0.0638,0.5794,0.5156,0,0.2085,12.0359,54.8958,2024,4,primary
2.3,1014,8197,0.0765,0.5763,0.4998,0,0.2104,12.5651,55.4168,2024,4,primary
2.4,1092,8119,0.0767,0.5726,0.4959,0,0.2125,12.5651,55.8673,2024,4,primary
2.5,1177,8034,0.1017,0.5698,0.4682,0,0.2147,13.3956,56.2636,2024,4,primary
2.6,1252,7959,0.1095,0.5666,0.4571,0,0.2167,13.3956,56.7575,2024,4,primary
2.7,1349,7862,0.1155,0.5628,0.4474,0,0.2194,13.7647,57.2568,2024,4,primary
2.8,1451,7760,0.1082,0.5569,0.4487,0,0.2223,14.1337,57.6693,2024,4,primary
2.9,1547,7664,0.1148,0.5517,0.4369,0,0.2251,14.1337,58.4998,2024,4,primary
3,1670,7541,0.1209,0.5454,0.4245,0,0.2287,14.5462,58.8797,2024,4,primary
3.1,1833,7378,0.1382,0.5375,0.3993,0,0.2338,14.9913,59.6939,2024,4,primary
3.2,1994,7217,0.1662,0.5302,0.364,0,0.239,15.7946,60.622,2024,4,primary
3.3,2189,7022,0.1898,0.52,0.3303,0,0.2457,16.1691,61.5827,2024,4,primary
3.4,2614,6597,0.2458,0.503,0.2572,0.0011,0.261,18.1665,63.9872,2024,4,primary
3.5,2614,6597,0.2458,0.503,0.2572,0.0011,0.261,18.1665,63.9872,2024,4,primary
3.6,2892,6319,0.2715,0.4916,0.2201,0.0017,0.2722,19.1869,65.0022,2024,4,primary
3.7,3185,6026,0.2968,0.4785,0.1817,0.0035,0.2844,20.1259,66.8042,2024,4,primary
3.8,3463,5748,0.3236,0.4662,0.1425,0.0043,0.2975,21.3906,67.8734,2024,4,primary
3.9,4200,5011,0.3695,0.4274,0.0579,0.0083,0.3373,24.8697,71.6565,2024,4,primary
4,4200,5011,0.3695,0.4274,0.0579,0.0083,0.3373,24.8697,71.6565,2024,4,primary
4.1,4582,4629,0.3944,0.4075,0.0131,0.0124,0.3603,26.4438,73.7408,2024,4,primary
4.2,4887,4324,0.4178,0.3943,-0.0235,0.0153,0.3816,28.1969,75.1465,2024,4,primary
4.3,5567,3644,0.4604,0.3701,-0.0903,0.0278,0.4308,31.5567,77.7953,2024,4,primary
4.4,5567,3644,0.4604,0.3701,-0.0903,0.0278,0.4308,31.5567,77.7953,2024,4,primary
4.5,5902,3309,0.4769,0.3642,-0.1127,0.0352,0.4584,32.9244,79.163,2024,4,primary
4.6,6408,2803,0.4951,0.3428,-0.1523,0.0473,0.5073,35.508,81.4481,2024,4,primary
4.7,6708,2503,0.5083,0.3306,-0.1777,0.055,0.5417,36.8975,83.2121,2024,4,primary
4.8,7319,1892,0.5281,0.2867,-0.2414,0.0757,0.6189,39.8773,86.1322,2024,4,primary
4.9,7319,1892,0.5281,0.2867,-0.2414,0.0757,0.6189,39.8773,86.1322,2024,4,primary
5,7593,1618,0.5387,0.2666,-0.2721,0.0878,0.6539,41.5762,87.3697,2024,4,primary
5.1,7840,1371,0.5498,0.248,-0.3018,0.0996,0.6885,42.792,88.9601,2024,4,primary
5.2,8003,1208,0.556,0.2283,-0.3277,0.1077,0.7144,43.6822,89.6114,2024,4,primary
5.3,8325,886,0.5683,0.1706,-0.3977,0.1256,0.7664,45.0934,91.18,2024,4,primary
5.4,8325,886,0.5683,0.1706,-0.3977,0.1256,0.7664,45.0934,91.18,2024,4,primary
5.5,8461,750,0.576,0.1887,-0.3873,0.1364,0.7613,45.9184,91.6305,2024,4,primary
2,880,7202,0.0014,0.4996,0.4983,0,0.1132,16.5131,55.2394,2025,5,primary
2.1,979,7103,0.0134,0.4953,0.4819,0,0.1147,16.7512,55.858,2025,5,primary
2.2,1071,7011,0.0215,0.4907,0.4692,0,0.1162,16.7512,56.4394,2025,5,primary
2.3,1154,6928,0.015,0.4861,0.4711,9e-04,0.1175,16.7512,56.9467,2025,5,primary
2.4,1222,6860,0.0324,0.483,0.4506,8e-04,0.1187,17.2399,57.4539,2025,5,primary
2.5,1310,6772,0.0457,0.4788,0.4331,8e-04,0.1202,17.71,57.955,2025,5,primary
2.6,1386,6696,0.0549,0.4756,0.4207,7e-04,0.1216,17.71,58.4622,2025,5,primary
2.7,1474,6608,0.063,0.4711,0.4082,7e-04,0.1232,18.1059,58.9818,2025,5,primary
2.8,1572,6510,0.079,0.4665,0.3876,6e-04,0.125,18.5265,59.4581,2025,5,primary
2.9,1648,6434,0.0842,0.462,0.3777,6e-04,0.1265,18.5265,59.9159,2025,5,primary
3,1734,6348,0.095,0.4571,0.3621,6e-04,0.1282,19.0833,60.386,2025,5,primary
3.1,1898,6184,0.1093,0.4474,0.3381,5e-04,0.1316,19.0833,61.1654,2025,5,primary
3.2,2013,6069,0.1258,0.4417,0.3159,5e-04,0.1341,20.1101,62.0129,2025,5,primary
3.3,2159,5923,0.1261,0.4303,0.3041,5e-04,0.1374,20.1101,62.817,2025,5,primary
3.4,2481,5601,0.1633,0.4103,0.247,4e-04,0.1453,21.2421,64.8398,2025,5,primary
3.5,2481,5601,0.1633,0.4103,0.247,4e-04,0.1453,21.2421,64.8398,2025,5,primary
3.6,2678,5404,0.1869,0.3986,0.2116,7e-04,0.1504,22.2813,65.9037,2025,5,primary
3.7,2884,5198,0.2056,0.3837,0.1782,0.001,0.1562,22.8999,66.7265,2025,5,primary
3.8,3124,4958,0.2271,0.37,0.1429,0.0026,0.1628,23.9082,68.2049,2025,5,primary
3.9,3699,4383,0.2845,0.3367,0.0522,0.0049,0.1818,26.265,70.9328,2025,5,primary
4,3699,4383,0.2845,0.3367,0.0522,0.0049,0.1818,26.265,70.9328,2025,5,primary
4.1,4034,4048,0.3165,0.3188,0.0022,0.0064,0.1949,28.3806,72.8133,2025,5,primary
4.2,4276,3806,0.3357,0.3052,-0.0305,0.0089,0.2042,29.426,73.8896,2025,5,primary
4.3,4865,3217,0.3747,0.2798,-0.095,0.015,0.2306,32.5993,76.2897,2025,5,primary
4.4,4865,3217,0.3747,0.2798,-0.095,0.015,0.2306,32.5993,76.2897,2025,5,primary
4.5,5192,2890,0.3955,0.2694,-0.1261,0.0204,0.2453,34.4117,77.7805,2025,5,primary
4.6,5598,2484,0.4167,0.2554,-0.1612,0.0263,0.2689,36.1561,79.5559,2025,5,primary
4.7,5905,2177,0.432,0.2515,-0.1805,0.0325,0.2862,38.0428,80.8858,2025,5,primary
4.8,6462,1620,0.4553,0.2219,-0.2334,0.0409,0.3401,41.2471,83.8241,2025,5,primary
4.9,6462,1620,0.4553,0.2219,-0.2334,0.0409,0.3401,41.2471,83.8241,2025,5,primary
5,6706,1376,0.4663,0.2274,-0.2389,0.0479,0.359,42.4409,84.6468,2025,5,primary
5.1,6925,1157,0.4748,0.2134,-0.2613,0.0527,0.3889,43.6224,86.119,2025,5,primary
5.2,7060,1022,0.4801,0.2209,-0.2591,0.0571,0.4031,44.241,86.651,2025,5,primary
5.3,7374,708,0.4948,0.24,-0.2547,0.0667,0.4562,45.9359,88.7913,2025,5,primary
5.4,7374,708,0.4948,0.24,-0.2547,0.0667,0.4562,45.9359,88.7913,2025,5,primary
5.5,7502,580,0.4988,0.2101,-0.2887,0.0704,0.4948,46.5607,89.8367,2025,5,primary
2,633,6027,0.06,0.5061,0.4461,0,0,11.1245,54.3537,2026,6,ilearn_2026
2.1,761,5899,0.1078,0.4982,0.3904,0,0,11.6724,55.9,2026,6,ilearn_2026
2.2,847,5813,0.1178,0.4913,0.3735,0,0,12.2429,55.9,2026,6,ilearn_2026
2.3,944,5716,0.1432,0.4848,0.3416,0,0,12.9635,56.8083,2026,6,ilearn_2026
2.4,1088,5572,0.1803,0.4754,0.2951,0,0,13.8793,57.619,2026,6,ilearn_2026
2.5,1164,5496,0.1675,0.469,0.3016,0,0,13.8793,58.4071,2026,6,ilearn_2026
2.6,1286,5374,0.1646,0.4571,0.2924,0,0,14.6675,59.2479,2026,6,ilearn_2026
2.7,1417,5243,0.1959,0.4485,0.2526,0,0,15.4106,60.2387,2026,6,ilearn_2026
2.8,1508,5152,0.2038,0.4402,0.2364,0,0,16.2138,61.1695,2026,6,ilearn_2026
2.9,1662,4998,0.2363,0.4294,0.1931,0,0,16.9944,61.9877,2026,6,ilearn_2026
3,1780,4880,0.2589,0.4224,0.1635,0,0,17.67,62.8809,2026,6,ilearn_2026
3.1,2012,4648,0.2904,0.4085,0.1181,0,0,19.2013,63.8493,2026,6,ilearn_2026
3.2,2219,4441,0.3082,0.395,0.0868,0,0,20.9353,65.6958,2026,6,ilearn_2026
3.3,2462,4198,0.3236,0.373,0.0495,0,0,21.776,66.5816,2026,6,ilearn_2026
3.4,3087,3573,0.372,0.3315,-0.0406,0,0,26.2198,70.7176,2026,6,ilearn_2026
3.5,3087,3573,0.372,0.3315,-0.0406,0,0,26.2198,70.7176,2026,6,ilearn_2026
3.6,3360,3300,0.3872,0.3104,-0.0768,0,0,27.1506,72.3765,2026,6,ilearn_2026
3.7,3751,2909,0.414,0.2899,-0.1241,0,0,30.2882,74.2982,2026,6,ilearn_2026
3.8,4100,2560,0.4335,0.271,-0.1624,0,0,32.2024,76.1747,2026,6,ilearn_2026
3.9,4847,1813,0.4727,0.2436,-0.2291,0,0,37.637,79.958,2026,6,ilearn_2026
4,4847,1813,0.4727,0.2436,-0.2291,0,0,37.637,79.958,2026,6,ilearn_2026
4.1,5163,1497,0.485,0.225,-0.2599,0,0,39.6037,82.1498,2026,6,ilearn_2026
4.2,5454,1206,0.4943,0.2066,-0.2876,0,0,41.2851,84.1766,2026,6,ilearn_2026
4.3,5895,765,0.5112,0.2055,-0.3057,0,0,44.7455,86.436,2026,6,ilearn_2026
4.4,5895,765,0.5112,0.2055,-0.3057,0,0,44.7455,86.436,2026,6,ilearn_2026
4.5,6053,607,0.5183,0.206,-0.3123,0,0,45.6163,87.5169,2026,6,ilearn_2026
4.6,6264,396,0.5266,0.1775,-0.3491,0,0,47.3803,89.3972,2026,6,ilearn_2026
4.7,6351,309,0.5311,0.1787,-0.3524,0,0,47.3803,90.6095,2026,6,ilearn_2026
4.8,6521,139,0.5407,0.233,-0.3076,0,0,49.1743,93.8222,2026,6,ilearn_2026
4.9,6521,139,0.5407,0.233,-0.3076,0,0,49.1743,93.8222,2026,6,ilearn_2026
5,6566,94,0.5434,0.1932,-0.3502,0,0,49.1743,95.1621,2026,6,ilearn_2026
5.1,6602,58,0.5464,0.263,-0.2834,0,0,49.1743,95.7026,2026,6,ilearn_2026
5.2,6617,43,0.5474,,,0,,50.015,,2026,6,ilearn_2026
5.3,6638,22,0.5492,,,0,,50.015,,2026,6,ilearn_2026
5.4,6638,22,0.5492,,,0,,50.015,,2026,6,ilearn_2026
5.5,6642,18,0.5497,,,0,,50.015,,2026,6,ilearn_2026
2,929,7785,0.055,0.5739,0.5189,0,0.2062,13.1096,55.4905,2023,3,primary
2.1,1032,7682,0.0647,0.5696,0.5049,0,0.2089,13.1096,55.9954,2023,3,primary
2.2,1129,7585,0.0716,0.5653,0.4937,0,0.2116,13.494,56.5519,2023,3,primary
2.3,1276,7438,0.0856,0.5585,0.4728,0,0.2158,13.9759,57.1314,2023,3,primary
2.4,1383,7331,0.1063,0.5542,0.4479,0,0.2189,14.498,57.6822,2023,3,primary
2.5,1571,7143,0.1185,0.5438,0.4254,0,0.2247,15.0086,59.1279,2023,3,primary
2.6,1683,7031,0.118,0.5372,0.4192,0,0.2283,15.0086,59.5582,2023,3,primary
2.7,1879,6835,0.1439,0.5273,0.3834,0,0.2348,15.8692,60.5967,2023,3,primary
2.8,2040,6674,0.1717,0.5217,0.35,0,0.2405,16.6667,61.5777,2023,3,primary
2.9,2281,6433,0.1973,0.5087,0.3113,0,0.2495,17.2232,62.6449,2023,3,primary
3,2461,6253,0.2175,0.5005,0.283,0,0.2567,18.2157,63.6546,2023,3,primary
3.1,2739,5975,0.253,0.4895,0.2364,0,0.2686,19.0993,65.1578,2023,3,primary
3.2,3046,5668,0.2794,0.4764,0.197,0.0016,0.2823,20.5852,66.9363,2023,3,primary
3.3,3368,5346,0.3084,0.4604,0.152,0.0027,0.2985,22.2088,68.3821,2023,3,primary
3.4,3714,5000,0.3328,0.4396,0.1068,0.0046,0.3176,23.4538,70.3557,2023,3,primary
3.5,4064,4650,0.3587,0.4195,0.0608,0.0062,0.3398,25.1061,72.0654,2023,3,primary
3.6,4450,4264,0.386,0.3933,0.0073,0.0097,0.3663,26.9191,74.4062,2023,3,primary
3.7,4836,3878,0.412,0.3728,-0.0392,0.0151,0.395,29.214,76.202,2023,3,primary
3.8,5238,3476,0.4396,0.3584,-0.0811,0.0254,0.4235,31.1819,77.8887,2023,3,primary
3.9,5664,3050,0.4679,0.35,-0.1179,0.0355,0.4603,33.3333,79.8221,2023,3,primary
4,6102,2612,0.4882,0.3345,-0.1537,0.0479,0.5027,35.8577,81.7728,2023,3,primary
4.1,6507,2207,0.504,0.3163,-0.1877,0.0607,0.5483,37.9002,83.6604,2023,3,primary
4.2,6778,1936,0.5148,0.2969,-0.2179,0.0699,0.5842,39.1107,85.0488,2023,3,primary
4.3,7299,1415,0.5365,0.2466,-0.2899,0.0917,0.6615,42.2375,87.8084,2023,3,primary
4.4,7299,1415,0.5365,0.2466,-0.2899,0.0917,0.6615,42.2375,87.8084,2023,3,primary
4.5,7522,1192,0.5488,0.2418,-0.307,0.1044,0.6879,43.2014,89.1107,2023,3,primary
4.6,7737,977,0.5562,0.2115,-0.3447,0.115,0.7318,44.5267,90.2754,2023,3,primary
4.7,7923,791,0.5634,0.1793,-0.3841,0.1253,0.7737,45.5594,91.5261,2023,3,primary
4.8,8073,641,0.5709,0.1591,-0.4118,0.1359,0.7925,46.1102,92.0941,2023,3,primary
4.9,8204,510,0.5778,0.1299,-0.4479,0.1446,0.8216,47.1658,92.8973,2023,3,primary
5,8328,386,0.5838,0.125,-0.4588,0.1533,0.8497,47.7453,93.4022,2023,3,primary
5.1,8429,285,0.5894,0.1591,-0.4302,0.1613,0.8596,48.2788,93.5858,2023,3,primary
5.2,8470,244,0.5917,0.1792,-0.4125,0.1647,0.8607,48.7952,94.148,2023,3,primary
5.3,8536,178,0.5945,0.1358,-0.4588,0.1695,0.8876,48.7952,95.1348,2023,3,primary
5.4,8569,145,0.5965,0.1785,-0.418,0.1721,0.8966,49.3001,95.2094,2023,3,primary
5.5,8604,110,0.5982,0.107,-0.4912,0.1748,0.9182,49.3001,95.9266,2023,3,primary
2,1165,7909,0.0528,0.5786,0.5258,0,0.2002,14.0551,56.4573,2024,3,primary
2.1,1291,7783,0.0542,0.5731,0.5189,0,0.2034,14.0551,57.0248,2024,3,primary
2.2,1386,7688,0.0644,0.5684,0.504,0,0.2059,14.4683,57.438,2024,3,primary
2.3,1513,7561,0.0764,0.5634,0.487,0,0.2094,14.4683,57.9559,2024,3,primary
2.4,1625,7449,0.1036,0.5592,0.4556,0,0.2125,15.2397,58.595,2024,3,primary
2.5,1806,7268,0.1213,0.5501,0.4288,0,0.2178,15.7245,59.5372,2024,3,primary
2.6,1944,7130,0.135,0.5435,0.4085,0,0.222,15.9972,60.6391,2024,3,primary
2.7,2136,6938,0.1558,0.5354,0.3796,5e-04,0.228,16.854,61.6143,2024,3,primary
2.8,2274,6800,0.1771,0.5299,0.3528,4e-04,0.2326,16.854,62.303,2024,3,primary
2.9,2476,6598,0.1939,0.5184,0.3245,4e-04,0.2398,17.9835,63.4601,2024,3,primary
3,2650,6424,0.2127,0.5104,0.2977,8e-04,0.2461,18.5785,64.3581,2024,3,primary
3.1,2914,6160,0.2448,0.4982,0.2534,7e-04,0.2567,19.6033,65.73,2024,3,primary
3.2,3170,5904,0.2713,0.4867,0.2154,0.0019,0.2671,20.5344,67.1405,2024,3,primary
3.3,3484,5590,0.308,0.4755,0.1674,0.0034,0.281,21.8347,68.6061,2024,3,primary
3.4,4169,4905,0.3609,0.4436,0.0827,0.0082,0.3158,25.2397,71.9174,2024,3,primary
3.5,4169,4905,0.3609,0.4436,0.0827,0.0082,0.3158,25.2397,71.9174,2024,3,primary
3.6,4578,4496,0.3883,0.4212,0.0329,0.0107,0.3412,26.8981,73.7906,2024,3,primary
3.7,5007,4067,0.4231,0.4129,-0.0102,0.0162,0.3693,28.9862,75.6364,2024,3,primary
3.8,5434,3640,0.4463,0.3921,-0.0542,0.0208,0.4038,31.1185,77.8237,2024,3,primary
3.9,6291,2783,0.4853,0.353,-0.1324,0.0374,0.4844,35.3278,82.0441,2024,3,primary
4,6291,2783,0.4853,0.353,-0.1324,0.0374,0.4844,35.3278,82.0441,2024,3,primary
4.1,6701,2373,0.5039,0.3245,-0.1795,0.0472,0.5339,37.405,83.9008,2024,3,primary
4.2,7006,2068,0.5173,0.3095,-0.2078,0.0575,0.5706,38.9972,85.1791,2024,3,primary
4.3,7549,1525,0.5441,0.3043,-0.2398,0.0816,0.6341,41.8072,87.5813,2024,3,primary
4.4,7549,1525,0.5441,0.3043,-0.2398,0.0816,0.6341,41.8072,87.5813,2024,3,primary
4.5,7776,1298,0.5523,0.281,-0.2712,0.0901,0.6795,42.7713,88.7273,2024,3,primary
4.6,7985,1089,0.5617,0.272,-0.2897,0.1009,0.7135,44.3581,90.0496,2024,3,primary
4.7,8194,880,0.5706,0.2628,-0.3078,0.1129,0.7477,45.3388,91.3994,2024,3,primary
4.8,8511,563,0.583,0.1996,-0.3834,0.1319,0.8171,46.9036,93.6529,2024,3,primary
4.9,8511,563,0.583,0.1996,-0.3834,0.1319,0.8171,46.9036,93.6529,2024,3,primary
5,8634,440,0.5891,0.1829,-0.4063,0.1404,0.8432,47.3884,94.3747,2024,3,primary
5.1,8749,325,0.5953,0.1549,-0.4404,0.1488,0.8646,48.4298,95.1956,2024,3,primary
5.2,8806,268,0.5987,0.1991,-0.3996,0.1532,0.8731,48.4298,95.3554,2024,3,primary
5.3,8907,167,0.6039,0.0871,-0.5168,0.1607,0.9102,49.4105,96.4683,2024,3,primary
5.4,8907,167,0.6039,0.0871,-0.5168,0.1607,0.9102,49.4105,96.4683,2024,3,primary
5.5,8959,115,0.6069,0.033,-0.5739,0.1648,0.9304,49.4105,96.7934,2024,3,primary
2,769,8418,0.0359,0.5383,0.5024,0,0.1724,16.6467,53.9018,2025,4,primary
2.1,860,8327,0.0394,0.536,0.4966,0,0.1743,16.6467,54.4134,2025,4,primary
2.2,949,8238,0.039,0.5335,0.4945,0,0.1761,17.1093,54.9303,2025,4,primary
2.3,1055,8132,0.0323,0.5293,0.4971,0,0.1784,17.1093,55.4473,2025,4,primary
2.4,1151,8036,0.0338,0.5258,0.4921,0,0.1806,17.1093,55.8881,2025,4,primary
2.5,1261,7926,0.0417,0.5221,0.4804,0,0.1831,17.5882,56.8568,2025,4,primary
2.6,1378,7809,0.0301,0.516,0.4859,0,0.1858,17.1093,57.3465,2025,4,primary
2.7,1480,7707,0.0369,0.5116,0.4747,0,0.1883,17.5882,57.722,2025,4,primary
2.8,1604,7583,0.0529,0.5068,0.4539,0,0.1913,17.5882,58.6744,2025,4,primary
2.9,1701,7486,0.0654,0.5029,0.4375,0,0.1938,18.0181,59.1315,2025,4,primary
3,1782,7405,0.0734,0.4995,0.4261,0,0.1959,18.0181,59.5505,2025,4,primary
3.1,1941,7246,0.0793,0.4918,0.4125,5e-04,0.2001,18.4208,60.0403,2025,4,primary
3.2,2068,7119,0.08,0.484,0.404,0.001,0.2035,18.4208,60.9545,2025,4,primary
3.3,2204,6983,0.0933,0.4779,0.3846,0.0014,0.2074,18.8616,61.6783,2025,4,primary
3.4,2564,6623,0.1269,0.4597,0.3327,0.002,0.2183,19.7377,63.3108,2025,4,primary
3.5,2564,6623,0.1269,0.4597,0.3327,0.002,0.2183,19.7377,63.3108,2025,4,primary
3.6,2784,6403,0.1557,0.4512,0.2955,0.0022,0.2257,20.6955,64.7856,2025,4,primary
3.7,3062,6125,0.1792,0.439,0.2598,0.0033,0.2353,21.6532,65.6835,2025,4,primary
3.8,3380,5807,0.2097,0.424,0.2142,0.0041,0.2475,22.7743,67.0984,2025,4,primary
3.9,4078,5109,0.2769,0.3963,0.1194,0.0081,0.2775,25.6095,70.3962,2025,4,primary
4,4078,5109,0.2769,0.3963,0.1194,0.0081,0.2775,25.6095,70.3962,2025,4,primary
4.1,4480,4707,0.3032,0.3761,0.0729,0.0116,0.2972,27.1713,72.4804,2025,4,primary
4.2,4805,4382,0.3299,0.3672,0.0372,0.016,0.3136,28.8202,73.7647,2025,4,primary
4.3,5482,3705,0.3739,0.3439,-0.0299,0.0244,0.3555,31.9384,76.8611,2025,4,primary
4.4,5482,3705,0.3739,0.3439,-0.0299,0.0244,0.3555,31.9384,76.8611,2025,4,primary
4.5,5840,3347,0.3939,0.3298,-0.0641,0.0308,0.3797,33.5818,78.0855,2025,4,primary
4.6,6323,2864,0.421,0.3153,-0.1057,0.0406,0.4169,35.7368,80.1099,2025,4,primary
4.7,6652,2535,0.4347,0.2969,-0.1378,0.046,0.4517,37.4075,81.7044,2025,4,primary
4.8,7242,1945,0.4584,0.2664,-0.192,0.0621,0.5147,39.8944,84.6485,2025,4,primary
4.9,7242,1945,0.4584,0.2664,-0.192,0.0621,0.5147,39.8944,84.6485,2025,4,primary
5,7536,1651,0.4728,0.256,-0.2168,0.0723,0.5488,41.5869,86.0198,2025,4,primary
5.1,7808,1379,0.4849,0.2447,-0.2402,0.0822,0.5867,42.7133,87.3476,2025,4,primary
5.2,7967,1220,0.4909,0.2279,-0.2631,0.0885,0.6115,43.7854,88.387,2025,4,primary
5.3,8317,870,0.5086,0.2355,-0.2732,0.1053,0.6609,45.3037,90.1937,2025,4,primary
5.4,8317,870,0.5086,0.2355,-0.2732,0.1053,0.6609,45.3037,90.1937,2025,4,primary
5.5,8446,741,0.514,0.2133,-0.3008,0.1112,0.691,46.207,90.9556,2025,4,primary
2,579,6842,0.0802,0.5224,0.4422,0,0,9.8356,53.9477,2026,5,ilearn_2026
2.1,629,6792,0.1015,0.5196,0.4182,0,0,10.4082,53.9477,2026,5,ilearn_2026
2.2,668,6753,0.1075,0.5169,0.4095,0,0,11.0819,53.9477,2026,5,ilearn_2026
2.3,732,6689,0.0892,0.5115,0.4223,0,0,11.0819,55.0054,2026,5,ilearn_2026
2.4,807,6614,0.0968,0.5061,0.4093,0,0,11.0819,55.0054,2026,5,ilearn_2026
2.5,859,6562,0.1055,0.5026,0.3972,0,0,11.0819,56.0833,2026,5,ilearn_2026
2.6,918,6503,0.1135,0.4981,0.3846,0,0,11.8027,56.0833,2026,5,ilearn_2026
2.7,959,6462,0.1258,0.4954,0.3696,0,0,11.8027,56.0833,2026,5,ilearn_2026
2.8,1027,6394,0.1251,0.4896,0.3645,0,0,11.8027,57.0466,2026,5,ilearn_2026
2.9,1081,6340,0.1429,0.4864,0.3435,0,0,12.5101,57.0466,2026,5,ilearn_2026
3,1143,6278,0.142,0.4816,0.3396,0,0,12.5101,57.8416,2026,5,ilearn_2026
3.1,1268,6153,0.1624,0.4731,0.3106,0,0,13.2107,58.7106,2026,5,ilearn_2026
3.2,1341,6080,0.1859,0.4686,0.2827,0,0,13.9383,58.7106,2026,5,ilearn_2026
3.3,1469,5952,0.2062,0.4602,0.254,0,0,14.7198,59.8289,2026,5,ilearn_2026
3.4,1697,5724,0.2436,0.4473,0.2037,0,0,16.249,60.8327,2026,5,ilearn_2026
3.5,1697,5724,0.2436,0.4473,0.2037,0,0,16.249,60.8327,2026,5,ilearn_2026
3.6,1840,5581,0.2593,0.4386,0.1793,0,0,16.6734,61.6545,2026,5,ilearn_2026
3.7,2070,5351,0.2753,0.4219,0.1466,0,0,17.8928,63.5274,2026,5,ilearn_2026
3.8,2344,5077,0.3067,0.4062,0.0994,0,0,19.4355,64.5042,2026,5,ilearn_2026
3.9,2950,4471,0.3511,0.367,0.0159,0,0,22.8375,68.4182,2026,5,ilearn_2026
4,2950,4471,0.3511,0.367,0.0159,0,0,22.8375,68.4182,2026,5,ilearn_2026
4.1,3336,4085,0.381,0.3457,-0.0353,0,0,24.7036,70.2371,2026,5,ilearn_2026
4.2,3634,3787,0.4007,0.3275,-0.0731,0,0,26.5494,72.1032,2026,5,ilearn_2026
4.3,4153,3268,0.428,0.293,-0.135,0,0,30.2546,75.0135,2026,5,ilearn_2026
4.4,4153,3268,0.428,0.293,-0.135,0,0,30.2546,75.0135,2026,5,ilearn_2026
4.5,4469,2952,0.4425,0.2769,-0.1656,0,0,31.9793,76.5023,2026,5,ilearn_2026
4.6,4891,2530,0.4611,0.2549,-0.2062,0,0,34.6672,78.2808,2026,5,ilearn_2026
4.7,5215,2206,0.4738,0.2427,-0.2312,0,0,36.2908,79.7696,2026,5,ilearn_2026
4.8,5814,1607,0.4933,0.2099,-0.2835,0,0,39.6322,82.8752,2026,5,ilearn_2026
4.9,5814,1607,0.4933,0.2099,-0.2835,0,0,39.6322,82.8752,2026,5,ilearn_2026
5,6075,1346,0.5041,0.2041,-0.2999,0,0,41.4915,83.9295,2026,5,ilearn_2026
5.1,6305,1116,0.5125,0.2028,-0.3097,0,0,43.2363,85.4689,2026,5,ilearn_2026
5.2,6486,935,0.5187,0.1979,-0.3208,0,0,44.0313,86.1628,2026,5,ilearn_2026
5.3,6821,600,0.5291,0.152,-0.377,0,0,46.3352,89.201,2026,5,ilearn_2026
5.4,6821,600,0.5291,0.152,-0.377,0,0,46.3352,89.201,2026,5,ilearn_2026
5.5,6977,444,0.5362,0.1871,-0.3491,0,0,47.2245,89.932,2026,5,ilearn_2026
2,1361,8460,0.0466,0.5549,0.5083,0,0.2136,15.3584,56.9487,2025,3,primary
2.1,1487,8334,0.0564,0.5497,0.4932,0,0.2168,15.3584,57.4934,2025,3,primary
2.2,1575,8246,0.0658,0.5462,0.4804,0,0.2191,15.3584,58.1093,2025,3,primary
2.3,1716,8105,0.072,0.5397,0.4677,0,0.2229,15.9082,58.6591,2025,3,primary
2.4,1842,7979,0.09,0.5351,0.4451,0,0.2265,16.4427,59.1529,2025,3,primary
2.5,2022,7799,0.0913,0.5263,0.435,5e-04,0.2316,16.4427,60.0438,2025,3,primary
2.6,2152,7669,0.1055,0.5205,0.415,5e-04,0.2355,16.9721,60.843,2025,3,primary
2.7,2375,7446,0.1242,0.5098,0.3856,0.0013,0.2423,17.4964,61.688,2025,3,primary
2.8,2528,7293,0.1418,0.5026,0.3608,0.0012,0.2474,18.0513,62.4975,2025,3,primary
2.9,2745,7076,0.163,0.4916,0.3286,0.0018,0.2547,18.5858,63.4952,2025,3,primary
3,2928,6893,0.184,0.4836,0.2997,0.002,0.2613,19.1458,64.3963,2025,3,primary
3.1,3147,6674,0.2014,0.473,0.2716,0.0032,0.2693,19.8076,65.6282,2025,3,primary
3.2,3416,6405,0.2362,0.4639,0.2277,0.005,0.2795,20.9326,66.6972,2025,3,primary
3.3,3740,6081,0.2732,0.4516,0.1784,0.0053,0.2939,22.0525,68.1786,2025,3,primary
3.4,4394,5427,0.3208,0.4206,0.0998,0.0096,0.3252,24.3739,71.3449,2025,3,primary
3.5,4394,5427,0.3208,0.4206,0.0998,0.0096,0.3252,24.3739,71.3449,2025,3,primary
3.6,4824,4997,0.3569,0.4036,0.0467,0.0135,0.3486,26.3439,72.9485,2025,3,primary
3.7,5252,4569,0.3808,0.3814,6e-04,0.0173,0.3756,28.0595,74.7607,2025,3,primary
3.8,5665,4156,0.4067,0.3676,-0.0392,0.0238,0.4023,30.0244,76.5323,2025,3,primary
3.9,6598,3223,0.4559,0.3314,-0.1245,0.0412,0.4763,34.1631,80.396,2025,3,primary
4,6598,3223,0.4559,0.3314,-0.1245,0.0412,0.4763,34.1631,80.396,2025,3,primary
4.1,7037,2784,0.4755,0.3091,-0.1664,0.0516,0.5187,36.4895,82.529,2025,3,primary
4.2,7386,2435,0.4918,0.3065,-0.1853,0.0638,0.5487,38.0371,83.5471,2025,3,primary
4.3,8002,1819,0.5169,0.2915,-0.2255,0.0865,0.613,41.2085,86.1993,2025,3,primary
4.4,8002,1819,0.5169,0.2915,-0.2255,0.0865,0.613,41.2085,86.1993,2025,3,primary
4.5,8299,1522,0.5265,0.2777,-0.2487,0.098,0.6531,42.6288,87.8233,2025,3,primary
4.6,8551,1270,0.5348,0.2582,-0.2766,0.1088,0.6906,43.54,89.045,2025,3,primary
4.7,8780,1041,0.5434,0.2344,-0.309,0.1198,0.7253,45.0214,90.4093,2025,3,primary
4.8,9175,646,0.5602,0.2166,-0.3436,0.141,0.7941,46.5129,92.5321,2025,3,primary
4.9,9175,646,0.5602,0.2166,-0.3436,0.141,0.7941,46.5129,92.5321,2025,3,primary
5,9336,485,0.5671,0.2109,-0.3563,0.1506,0.8268,47.6074,93.5298,2025,3,primary
5.1,9456,365,0.5727,0.2042,-0.3685,0.1586,0.8411,48.1725,94.5581,2025,3,primary
5.2,9522,299,0.5754,0.163,-0.4124,0.1625,0.8696,48.7273,95.3574,2025,3,primary
5.3,9641,180,0.5818,0.192,-0.3898,0.1706,0.9,49.2568,95.9784,2025,3,primary
5.4,9641,180,0.5818,0.192,-0.3898,0.1706,0.9,49.2568,95.9784,2025,3,primary
5.5,9687,134,0.5843,0.1719,-0.4124,0.1739,0.9104,49.2568,96.63,2025,3,primary
2,490,8025,0.0691,0.5385,0.4693,0,0,8.9772,52.7771,2026,4,ilearn_2026
2.1,518,7997,0.0976,0.5373,0.4397,0,0,9.5233,52.7771,2026,4,ilearn_2026
2.2,579,7936,0.115,0.5342,0.4192,0,0,10.0693,53.7576,2026,4,ilearn_2026
2.3,616,7899,0.1124,0.532,0.4196,0,0,10.0693,53.7576,2026,4,ilearn_2026
2.4,693,7822,0.108,0.5275,0.4195,0,0,10.0693,53.7576,2026,4,ilearn_2026
2.5,734,7781,0.1112,0.5247,0.4135,0,0,10.0693,53.7576,2026,4,ilearn_2026
2.6,794,7721,0.1324,0.5216,0.3892,0,0,10.6505,54.697,2026,4,ilearn_2026
2.7,840,7675,0.1198,0.5181,0.3983,0,0,10.6505,54.697,2026,4,ilearn_2026
2.8,919,7596,0.1349,0.5134,0.3786,0,0,11.1966,55.5836,2026,4,ilearn_2026
2.9,986,7529,0.1356,0.5091,0.3735,0,0,11.1966,55.5836,2026,4,ilearn_2026
3,1036,7479,0.1504,0.5067,0.3564,0,0,11.7778,55.5836,2026,4,ilearn_2026
3.1,1150,7365,0.1684,0.5002,0.3318,0,0,11.7778,56.523,2026,4,ilearn_2026
3.2,1257,7258,0.1712,0.4941,0.3228,0,0,12.318,57.3861,2026,4,ilearn_2026
3.3,1390,7125,0.1789,0.4849,0.306,0,0,12.8934,58.2668,2026,4,ilearn_2026
3.4,1617,6898,0.2101,0.4724,0.2623,0,0,13.6743,59.2062,2026,4,ilearn_2026
3.5,1617,6898,0.2101,0.4724,0.2623,0,0,13.6743,59.2062,2026,4,ilearn_2026
3.6,1727,6788,0.2172,0.4652,0.248,0,0,13.6743,60.0517,2026,4,ilearn_2026
3.7,1912,6603,0.2348,0.453,0.2182,0,0,14.4551,60.9558,2026,4,ilearn_2026
3.8,2110,6405,0.259,0.4422,0.1832,0,0,15.9406,61.9305,2026,4,ilearn_2026
3.9,2799,5716,0.3337,0.4052,0.0715,0,0,19.6806,64.8779,2026,4,ilearn_2026
4,2799,5716,0.3337,0.4052,0.0715,0,0,19.6806,64.8779,2026,4,ilearn_2026
4.1,3168,5347,0.3652,0.3878,0.0226,0,0,21.4009,66.8741,2026,4,ilearn_2026
4.2,3558,4957,0.3879,0.3677,-0.0202,0,0,23.8962,68.8175,2026,4,ilearn_2026
4.3,4271,4244,0.4223,0.3367,-0.0856,0,0,27.3779,72.0878,2026,4,ilearn_2026
4.4,4271,4244,0.4223,0.3367,-0.0856,0,0,27.3779,72.0878,2026,4,ilearn_2026
4.5,4663,3852,0.4359,0.3222,-0.1138,0,0,29.2332,74.4481,2026,4,ilearn_2026
4.6,5185,3330,0.4605,0.3164,-0.1441,0,0,32.5505,76.3093,2026,4,ilearn_2026
4.7,5582,2933,0.4667,0.2968,-0.1699,0,0,34.2062,78.0061,2026,4,ilearn_2026
4.8,6329,2186,0.4862,0.2764,-0.2098,0,0,38.6214,80.9946,2026,4,ilearn_2026
4.9,6329,2186,0.4862,0.2764,-0.2098,0,0,38.6214,80.9946,2026,4,ilearn_2026
5,6588,1927,0.4904,0.2603,-0.2301,0,0,39.4786,82.2511,2026,4,ilearn_2026
5.1,6945,1570,0.5019,0.2497,-0.2522,0,0,41.1813,84.2179,2026,4,ilearn_2026
5.2,7157,1358,0.5085,0.2293,-0.2792,0,0,42.0914,85.8502,2026,4,ilearn_2026
5.3,7586,929,0.5231,0.1819,-0.3413,0,0,44.7158,88.6097,2026,4,ilearn_2026
5.4,7586,929,0.5231,0.1819,-0.3413,0,0,44.7158,88.6097,2026,4,ilearn_2026
5.5,7727,788,0.5303,0.1982,-0.3321,0,0,45.6259,89.1205,2026,4,ilearn_2026
2,938,9150,0.1372,0.5687,0.4315,0,0,11.3738,54.4801,2026,3,ilearn_2026
2.1,1032,9056,0.1386,0.5648,0.4262,0,0,11.3738,54.4801,2026,3,ilearn_2026
2.2,1146,8942,0.1366,0.5608,0.4242,0,0,11.3738,55.4862,2026,3,ilearn_2026
2.3,1267,8821,0.1503,0.5554,0.4051,0,0,12.2857,56.5517,2026,3,ilearn_2026
2.4,1334,8754,0.1664,0.5529,0.3865,0,0,12.2857,56.5517,2026,3,ilearn_2026
2.5,1474,8614,0.1833,0.5479,0.3646,0,0,13.1381,57.6073,2026,3,ilearn_2026
2.6,1588,8500,0.1783,0.5421,0.3638,0,0,13.1381,57.6073,2026,3,ilearn_2026
2.7,1773,8315,0.1921,0.5329,0.3408,0,0,13.1381,58.5985,2026,3,ilearn_2026
2.8,1885,8203,0.2013,0.5286,0.3273,0,0,14.0202,59.5996,2026,3,ilearn_2026
2.9,2063,8025,0.2204,0.5212,0.3009,0,0,14.828,59.5996,2026,3,ilearn_2026
3,2251,7837,0.2321,0.5119,0.2798,0,0,14.828,60.5858,2026,3,ilearn_2026
3.1,2477,7611,0.2586,0.5054,0.2468,0,0,15.5764,61.7207,2026,3,ilearn_2026
3.2,2719,7369,0.2723,0.4946,0.2223,0,0,16.4139,62.8506,2026,3,ilearn_2026
3.3,2977,7111,0.2964,0.4864,0.19,0,0,18.2773,63.8815,2026,3,ilearn_2026
3.4,3720,6368,0.3307,0.4534,0.1228,0,0,20.8792,66.9888,2026,3,ilearn_2026
3.5,3720,6368,0.3307,0.4534,0.1228,0,0,20.8792,66.9888,2026,3,ilearn_2026
3.6,4222,5866,0.3726,0.4385,0.0658,0,0,22.6137,69.0851,2026,3,ilearn_2026
3.7,4786,5302,0.3974,0.4124,0.015,0,0,25.3593,71.8951,2026,3,ilearn_2026
3.8,5390,4698,0.4306,0.3903,-0.0403,0,0,28.0603,74.7101,2026,3,ilearn_2026
3.9,6477,3611,0.4764,0.35,-0.1264,0,0,33.1153,79.1357,2026,3,ilearn_2026
4,6477,3611,0.4764,0.35,-0.1264,0,0,33.1153,79.1357,2026,3,ilearn_2026
4.1,6995,3093,0.4935,0.3235,-0.17,0,0,35.0481,80.8455,2026,3,ilearn_2026
4.2,7457,2631,0.5075,0.2969,-0.2106,0,0,37.1395,83.0112,2026,3,ilearn_2026
4.3,8014,2074,0.5247,0.2447,-0.28,0,0,40.2666,85.6676,2026,3,ilearn_2026
4.4,8014,2074,0.5247,0.2447,-0.28,0,0,40.2666,85.6676,2026,3,ilearn_2026
4.5,8346,1742,0.5385,0.2464,-0.2921,0,0,41.4114,87.417,2026,3,ilearn_2026
4.6,8644,1444,0.5486,0.2272,-0.3214,0,0,42.5414,88.5866,2026,3,ilearn_2026
4.7,8880,1208,0.5557,0.1825,-0.3732,0,0,44.7022,89.8107,2026,3,ilearn_2026
4.8,9361,727,0.5743,0.1343,-0.44,0,0,45.9857,91.7435,2026,3,ilearn_2026
4.9,9361,727,0.5743,0.1343,-0.44,0,0,45.9857,91.7435,2026,3,ilearn_2026
5,9503,585,0.58,0.1215,-0.4585,0,0,47.1355,92.1598,2026,3,ilearn_2026
5.1,9682,406,0.588,0.1437,-0.4442,0,0,48.206,92.9527,2026,3,ilearn_2026
5.2,9751,337,0.5902,0.1481,-0.4421,0,0,48.206,93.4087,2026,3,ilearn_2026
5.3,9860,228,0.5944,0.0715,-0.523,0,0,49.2219,94.5237,2026,3,ilearn_2026
5.4,9860,228,0.5944,0.0715,-0.523,0,0,49.2219,94.5237,2026,3,ilearn_2026
5.5,9890,198,0.5957,0.0672,-0.5284,0,0,49.2219,94.6997,2026,3,ilearn_2026
